-- Sam Russak and Daniel Lee
-- DB Milestone 1

DROP TABLE Users CASCADE CONSTRAINTS;
DROP TABLE Friendships CASCADE CONSTRAINTS;
DROP TABLE Groups CASCADE CONSTRAINTS;
DROP TABLE GroupMembers CASCADE CONSTRAINTS;
DROP TABLE Messages CASCADE CONSTRAINTS;
PURGE RECYCLEBIN;

CREATE TABLE Users(
  userID number(10) PRIMARY KEY,
  fname varchar2(32),
  lname varchar2(32),
  email varchar2(50),
  DOB timestamp,
  last_login timestamp);

CREATE TABLE Friendships(
  senderID number(10),
  recipientID number(10),
  states varchar2(32),
  friendship_date timestamp,
  constraint f_pk PRIMARY KEY (senderID, recipientID),
  constraint F_S_FK FOREIGN KEY (senderID) REFERENCES Users(userID),
  constraint F_R_FK FOREIGN KEY (recipientID) REFERENCES Users(userID));

CREATE TABLE Groups(
	groupID NUMBER(10) PRIMARY KEY,
	name VARCHAR2(32),
	description VARCHAR2(1024),
	memberLimit NUMBER(10));

CREATE TABLE GroupMembers(
	userID NUMBER(10), 
	groupID NUMBER(10), 
	PRIMARY KEY (userID, groupID),
	CONSTRAINT gm_fk_uid FOREIGN KEY (userID) REFERENCES Users(userID),
	CONSTRAINT gm_fk_gid FOREIGN KEY (groupID) REFERENCES Groups(groupID));

--Assumption : replyTo are all valid msgIDs.
CREATE TABLE Messages(
	msgID NUMBER(10) PRIMARY KEY, 
	senderID NUMBER(10), 
	recipientID NUMBER(10), 
	groupID NUMBER(10), 
	replyTo number(10),
	subject VARCHAR2(32),
	msgText VARCHAR2(100 CHAR),
	dateSent TIMESTAMP,
	CONSTRAINT m_fk_sid FOREIGN KEY (senderID) REFERENCES Users(userID),
	CONSTRAINT m_fk_rid FOREIGN KEY (recipientID) REFERENCES Users(userID),
	CONSTRAINT m_fk_gid FOREIGN KEY (groupID) REFERENCES Groups(groupID));   

--Check for States being either established or pending
ALTER TABLE Friendships
ADD CONSTRAINT check_States CHECK ((states = 'established') OR (states = 'pending'));

--Check for nulls of recipientID and groupID of Messages ((recipientID = NULL) XOR (groupID = NULL))
--ALTER TABLE Messages
--ADD CONSTRAINT check_xor_null CHECK (((recipientID IS NULL) AND (groupID IS NOT NULL)) OR ((recipientID IS NOT NULL) AND (groupID IS NULL )));

	
--Trigger for memberLimit of Groups when adding members to GroupMembers
CREATE OR REPLACE TRIGGER MemberLimitT
BEFORE INSERT ON GroupMembers
FOR EACH ROW
DECLARE memLimit number(10); count1 number(10);
BEGIN
	SELECT memberLimit INTO memLimit
	FROM Groups G 
	WHERE :NEW.groupID = G.groupID;
	
	SELECT COUNT(*) INTO count1
	FROM GroupMembers GM 
	WHERE :NEW.groupID = GM.groupID;
	
	IF (memLimit <= count1) THEN
		ROLLBACK;
	END IF;
END;
/

--Trigger for removing user from groups when deleted from FaceSpace
CREATE OR REPLACE TRIGGER DeleteUser
BEFORE DELETE on Users
FOR EACH ROW
DECLARE groupNum number(10); otherUser number(10); temp number(1);
Begin
	--delete from Group Members table
	DELETE FROM GroupMembers
	WHERE userID = :OLD.userID;
	
	-- delete from Frienship table
	DELETE FROM Friendships
	WHERE senderID = :OLD.userID
	OR recipientID = :OLD.userID;

	-- set userID to null in Messages table
	UPDATE Messages
	SET senderID = NULL
	WHERE senderID = :OLD.userID;
	
	UPDATE Messages
	SET recipientID = NULL
	WHERE recipientID = :OLD.userID;

	-- Delete messages if both users are deleted
	DELETE FROM Messages
	WHERE senderID IS NULL AND recipientID IS NULL;
		 	
END;
/


--Insert for Users 
--Comment : All users DOB from (1990-1998) AND Last login all in 2015
INSERT INTO Users VALUES(1, 'Sam', 'Russak', 'stone@meekness.com', TO_TIMESTAMP('1999-05-14 00:00:00', 'YYYY-MM-DD HH24:MI:SS'), TO_TIMESTAMP('2015-02-06 15:44:39', 'YYYY-MM-DD HH24:MI:SS'));
INSERT INTO Users VALUES(2, 'Daniel', 'Lee', 'ca-tech@dps.centrin.net.id', TO_TIMESTAMP('1999-02-24 00:00:00', 'YYYY-MM-DD HH24:MI:SS'), TO_TIMESTAMP('2015-10-30 03:41:22', 'YYYY-MM-DD HH24:MI:SS'));
INSERT INTO Users VALUES(3, 'Neda', 'Timoteo', 'trinanda_lestyowati@telkomsel.co.id', TO_TIMESTAMP('1997-06-09 00:00:00', 'YYYY-MM-DD HH24:MI:SS'), TO_TIMESTAMP('2015-02-06 18:45:56', 'YYYY-MM-DD HH24:MI:SS'));
INSERT INTO Users VALUES(4, 'Elma', 'Dubreuil', 'asst_dos@astonrasuna.com', TO_TIMESTAMP('1997-08-02 00:00:00', 'YYYY-MM-DD HH24:MI:SS'), TO_TIMESTAMP('2015-02-03 08:29:09', 'YYYY-MM-DD HH24:MI:SS'));
INSERT INTO Users VALUES(5, 'Darius', 'Kanner', 'amartabali@dps.centrin.net.id', TO_TIMESTAMP('1998-06-16 00:00:00', 'YYYY-MM-DD HH24:MI:SS'), TO_TIMESTAMP('2015-08-07 13:20:05', 'YYYY-MM-DD HH24:MI:SS'));
INSERT INTO Users VALUES(6, 'Kimbra', 'Lukens', 'achatv@cbn.net.id', TO_TIMESTAMP('1992-06-03 00:00:00', 'YYYY-MM-DD HH24:MI:SS'), TO_TIMESTAMP('2015-02-02 04:49:52', 'YYYY-MM-DD HH24:MI:SS'));
INSERT INTO Users VALUES(7, 'Roseann', 'Schmitt', 'bali@tuguhotels.com', TO_TIMESTAMP('1995-09-19 00:00:00', 'YYYY-MM-DD HH24:MI:SS'), TO_TIMESTAMP('2015-04-28 12:27:10', 'YYYY-MM-DD HH24:MI:SS'));
INSERT INTO Users VALUES(8, 'Maribeth', 'Reising', 'baliminimalist@yahoo.com', TO_TIMESTAMP('1996-01-15 00:00:00', 'YYYY-MM-DD HH24:MI:SS'), TO_TIMESTAMP('2015-04-05 14:41:57', 'YYYY-MM-DD HH24:MI:SS'));
INSERT INTO Users VALUES(9, 'Elisha', 'Mraz', 'bliss@thebale.com', TO_TIMESTAMP('1999-03-03 00:00:00', 'YYYY-MM-DD HH24:MI:SS'), TO_TIMESTAMP('2015-12-23 15:23:28', 'YYYY-MM-DD HH24:MI:SS'));
INSERT INTO Users VALUES(10, 'Lorenza', 'Sowards', 'adhidharma@denpasar.wasantara.net.id', TO_TIMESTAMP('1997-01-09 00:00:00', 'YYYY-MM-DD HH24:MI:SS'), TO_TIMESTAMP('2015-05-18 12:45:53', 'YYYY-MM-DD HH24:MI:SS'));
INSERT INTO Users VALUES(11, 'Daniela', 'Abrahams', 'centralreservation@ramayanahotel.com', TO_TIMESTAMP('1990-11-23 00:00:00', 'YYYY-MM-DD HH24:MI:SS'), TO_TIMESTAMP('2015-09-21 19:39:39', 'YYYY-MM-DD HH24:MI:SS'));
INSERT INTO Users VALUES(12, 'Beau', 'Frisby', 'apribadi@balimandira.com', TO_TIMESTAMP('1993-12-28 00:00:00', 'YYYY-MM-DD HH24:MI:SS'), TO_TIMESTAMP('2015-09-10 04:00:04', 'YYYY-MM-DD HH24:MI:SS'));
INSERT INTO Users VALUES(13, 'Marybeth', 'Schlager', 'cdagenhart@ifc.org', TO_TIMESTAMP('1997-05-09 00:00:00', 'YYYY-MM-DD HH24:MI:SS'), TO_TIMESTAMP('2015-03-17 12:29:15', 'YYYY-MM-DD HH24:MI:SS'));
INSERT INTO Users VALUES(14, 'Loyd', 'Zupan', 'dana_supriyanto@interconti.com', TO_TIMESTAMP('1990-08-18 00:00:00', 'YYYY-MM-DD HH24:MI:SS'), TO_TIMESTAMP('2015-01-14 21:33:59', 'YYYY-MM-DD HH24:MI:SS'));
INSERT INTO Users VALUES(15, 'Larita', 'Graden', 'dos@novotelbali.com', TO_TIMESTAMP('1997-10-16 00:00:00', 'YYYY-MM-DD HH24:MI:SS'), TO_TIMESTAMP('2015-11-30 12:33:29', 'YYYY-MM-DD HH24:MI:SS'));
INSERT INTO Users VALUES(16, 'Marna', 'Erazo', 'daniel@hotelpadma.com', TO_TIMESTAMP('1994-12-23 00:00:00', 'YYYY-MM-DD HH24:MI:SS'), TO_TIMESTAMP('2015-05-16 13:12:11', 'YYYY-MM-DD HH24:MI:SS'));
INSERT INTO Users VALUES(17, 'Faustina', 'Randolph', 'daniel@balibless.com', TO_TIMESTAMP('1997-11-12 00:00:00', 'YYYY-MM-DD HH24:MI:SS'), TO_TIMESTAMP('2015-10-24 05:33:57', 'YYYY-MM-DD HH24:MI:SS'));
INSERT INTO Users VALUES(18, 'Millicent', 'Genest', 'djoko_p@jayakartahotelsresorts.com', TO_TIMESTAMP('1990-02-04 00:00:00', 'YYYY-MM-DD HH24:MI:SS'), TO_TIMESTAMP('2015-06-01 18:16:27', 'YYYY-MM-DD HH24:MI:SS'));
INSERT INTO Users VALUES(19, 'Erick', 'Tomaselli', 'expdepot@indosat.net.id', TO_TIMESTAMP('1992-04-12 00:00:00', 'YYYY-MM-DD HH24:MI:SS'), TO_TIMESTAMP('2015-03-23 06:35:39', 'YYYY-MM-DD HH24:MI:SS'));
INSERT INTO Users VALUES(20, 'Karoline', 'Henshaw', 'feby.adamsyah@idn.xerox.com', TO_TIMESTAMP('1995-05-23 00:00:00', 'YYYY-MM-DD HH24:MI:SS'), TO_TIMESTAMP('2015-03-19 23:42:02', 'YYYY-MM-DD HH24:MI:SS'));
INSERT INTO Users VALUES(21, 'Isabelle', 'Batey', 'christian_rizal@interconti.com', TO_TIMESTAMP('1995-07-10 00:00:00', 'YYYY-MM-DD HH24:MI:SS'), TO_TIMESTAMP('2015-04-08 13:49:27', 'YYYY-MM-DD HH24:MI:SS'));
INSERT INTO Users VALUES(22, 'Judith', 'Mateer', 'singgih93@mailcity.com', TO_TIMESTAMP('1999-11-29 00:00:00', 'YYYY-MM-DD HH24:MI:SS'), TO_TIMESTAMP('2015-07-16 03:54:26', 'YYYY-MM-DD HH24:MI:SS'));
INSERT INTO Users VALUES(23, 'Cara', 'Yokoyama', 'idonk_gebhoy@yahoo.com', TO_TIMESTAMP('1994-06-07 00:00:00', 'YYYY-MM-DD HH24:MI:SS'), TO_TIMESTAMP('2015-12-10 19:15:42', 'YYYY-MM-DD HH24:MI:SS'));
INSERT INTO Users VALUES(24, 'Nereida', 'Lamb', 'info@houseofbali.com', TO_TIMESTAMP('1997-03-29 00:00:00', 'YYYY-MM-DD HH24:MI:SS'), TO_TIMESTAMP('2015-08-26 11:21:48', 'YYYY-MM-DD HH24:MI:SS'));
INSERT INTO Users VALUES(25, 'Teresita', 'Strasser', 'kyohana@toureast.net', TO_TIMESTAMP('1999-10-18 00:00:00', 'YYYY-MM-DD HH24:MI:SS'), TO_TIMESTAMP('2015-02-14 01:47:48', 'YYYY-MM-DD HH24:MI:SS'));
INSERT INTO Users VALUES(26, 'Casimira', 'Greenwell', 'sales@nusaduahotel.com', TO_TIMESTAMP('1991-01-10 00:00:00', 'YYYY-MM-DD HH24:MI:SS'), TO_TIMESTAMP('2015-02-05 03:09:11', 'YYYY-MM-DD HH24:MI:SS'));
INSERT INTO Users VALUES(27, 'Frankie', 'Fava', 'jayakarta@mataram.wasantara.net.id', TO_TIMESTAMP('1995-12-28 00:00:00', 'YYYY-MM-DD HH24:MI:SS'), TO_TIMESTAMP('2015-05-22 11:41:23', 'YYYY-MM-DD HH24:MI:SS'));
INSERT INTO Users VALUES(28, 'Janna', 'Hargraves', 'mapindo@indo.net.id', TO_TIMESTAMP('1992-07-28 00:00:00', 'YYYY-MM-DD HH24:MI:SS'), TO_TIMESTAMP('2015-03-10 16:21:33', 'YYYY-MM-DD HH24:MI:SS'));
INSERT INTO Users VALUES(29, 'Jonah', 'Gatling', 'sm@ramayanahotel.com', TO_TIMESTAMP('1997-06-29 00:00:00', 'YYYY-MM-DD HH24:MI:SS'), TO_TIMESTAMP('2015-11-18 08:22:50', 'YYYY-MM-DD HH24:MI:SS'));
INSERT INTO Users VALUES(30, 'Vance', 'Symons', 'anekabeach@dps.centrin.net.id', TO_TIMESTAMP('1994-03-25 00:00:00', 'YYYY-MM-DD HH24:MI:SS'), TO_TIMESTAMP('2015-11-28 03:20:50', 'YYYY-MM-DD HH24:MI:SS'));
INSERT INTO Users VALUES(31, 'Easter', 'Delucca', 'yogya@jayakartahotelsresorts.com', TO_TIMESTAMP('1994-08-20 00:00:00', 'YYYY-MM-DD HH24:MI:SS'), TO_TIMESTAMP('2015-11-05 03:46:40', 'YYYY-MM-DD HH24:MI:SS'));
INSERT INTO Users VALUES(32, 'Pierre', 'Mosley', 'garudawisatajaya@indo.net.id', TO_TIMESTAMP('1995-03-16 00:00:00', 'YYYY-MM-DD HH24:MI:SS'), TO_TIMESTAMP('2015-11-19 15:20:57', 'YYYY-MM-DD HH24:MI:SS'));
INSERT INTO Users VALUES(33, 'Kimberly', 'Nath', 'ketut@kbatur.com', TO_TIMESTAMP('1995-12-29 00:00:00', 'YYYY-MM-DD HH24:MI:SS'), TO_TIMESTAMP('2015-12-13 20:01:42', 'YYYY-MM-DD HH24:MI:SS'));
INSERT INTO Users VALUES(34, 'Venus', 'Schack', 'bondps@bonansatours.com', TO_TIMESTAMP('1999-05-21 00:00:00', 'YYYY-MM-DD HH24:MI:SS'), TO_TIMESTAMP('2015-08-09 23:42:01', 'YYYY-MM-DD HH24:MI:SS'));
INSERT INTO Users VALUES(35, 'Inge', 'Cichon', 'witamgr@dps.centrin.net.id', TO_TIMESTAMP('1996-08-18 00:00:00', 'YYYY-MM-DD HH24:MI:SS'), TO_TIMESTAMP('2015-03-07 19:38:28', 'YYYY-MM-DD HH24:MI:SS'));
INSERT INTO Users VALUES(36, 'Felecia', 'Hargett', 'dtedja@indosat.net.id', TO_TIMESTAMP('1992-11-10 00:00:00', 'YYYY-MM-DD HH24:MI:SS'), TO_TIMESTAMP('2015-11-26 11:29:29', 'YYYY-MM-DD HH24:MI:SS'));
INSERT INTO Users VALUES(37, 'Clelia', 'Osborne', 'info@stpbali.ac.id', TO_TIMESTAMP('1994-08-16 00:00:00', 'YYYY-MM-DD HH24:MI:SS'), TO_TIMESTAMP('2015-02-01 21:36:05', 'YYYY-MM-DD HH24:MI:SS'));
INSERT INTO Users VALUES(38, 'Magdalene', 'Tijerina', 'baliprestigeho@dps.centrin.net.id', TO_TIMESTAMP('1998-11-08 00:00:00', 'YYYY-MM-DD HH24:MI:SS'), TO_TIMESTAMP('2015-03-30 19:31:52', 'YYYY-MM-DD HH24:MI:SS'));
INSERT INTO Users VALUES(39, 'Marta', 'Applebaum', 'pamilu@mas-travel.com', TO_TIMESTAMP('1994-04-13 00:00:00', 'YYYY-MM-DD HH24:MI:SS'), TO_TIMESTAMP('2015-11-06 11:29:39', 'YYYY-MM-DD HH24:MI:SS'));
INSERT INTO Users VALUES(40, 'Hellen', 'Minnis', 'amandabl@indosat.net.id', TO_TIMESTAMP('1993-11-17 00:00:00', 'YYYY-MM-DD HH24:MI:SS'), TO_TIMESTAMP('2015-12-09 21:27:01', 'YYYY-MM-DD HH24:MI:SS'));
INSERT INTO Users VALUES(41, 'Fallon', 'Borland', 'marketing@csdwholiday.com', TO_TIMESTAMP('1991-08-27 00:00:00', 'YYYY-MM-DD HH24:MI:SS'), TO_TIMESTAMP('2015-11-02 21:42:18', 'YYYY-MM-DD HH24:MI:SS'));
INSERT INTO Users VALUES(42, 'Marylou', 'Merryman', 'luha89@yahoo.com', TO_TIMESTAMP('1994-05-04 00:00:00', 'YYYY-MM-DD HH24:MI:SS'), TO_TIMESTAMP('2015-05-04 10:49:41', 'YYYY-MM-DD HH24:MI:SS'));
INSERT INTO Users VALUES(43, 'Lessie', 'Haack', 'indahsuluh2002@yahoo.com.sg', TO_TIMESTAMP('1997-07-24 00:00:00', 'YYYY-MM-DD HH24:MI:SS'), TO_TIMESTAMP('2015-12-25 05:59:18', 'YYYY-MM-DD HH24:MI:SS'));
INSERT INTO Users VALUES(44, 'Jeffery', 'Blaker', 'imz1991@yahoo.com', TO_TIMESTAMP('1991-02-13 00:00:00', 'YYYY-MM-DD HH24:MI:SS'), TO_TIMESTAMP('2015-03-28 11:13:39', 'YYYY-MM-DD HH24:MI:SS'));
INSERT INTO Users VALUES(45, 'Keitha', 'Replogle', 'gus_war81@yahoo.com', TO_TIMESTAMP('1990-05-22 00:00:00', 'YYYY-MM-DD HH24:MI:SS'), TO_TIMESTAMP('2015-01-14 04:56:57', 'YYYY-MM-DD HH24:MI:SS'));
INSERT INTO Users VALUES(46, 'Chu', 'Paulos', 'kf034@indosat.net.id', TO_TIMESTAMP('1997-01-16 00:00:00', 'YYYY-MM-DD HH24:MI:SS'), TO_TIMESTAMP('2015-10-25 01:30:28', 'YYYY-MM-DD HH24:MI:SS'));
INSERT INTO Users VALUES(47, 'Damian', 'Plourde', '800produkwil@posindonesia.co.id', TO_TIMESTAMP('1994-10-09 00:00:00', 'YYYY-MM-DD HH24:MI:SS'), TO_TIMESTAMP('2015-08-23 10:14:58', 'YYYY-MM-DD HH24:MI:SS'));
INSERT INTO Users VALUES(48, 'Debbi', 'Puskar', 'kontak.synergi@yahoo.com', TO_TIMESTAMP('1998-12-25 00:00:00', 'YYYY-MM-DD HH24:MI:SS'), TO_TIMESTAMP('2015-02-27 06:22:58', 'YYYY-MM-DD HH24:MI:SS'));
INSERT INTO Users VALUES(49, 'Rusty', 'Degner', 'oekaoeka@yahoo.com', TO_TIMESTAMP('1998-01-15 00:00:00', 'YYYY-MM-DD HH24:MI:SS'), TO_TIMESTAMP('2015-10-30 20:03:22', 'YYYY-MM-DD HH24:MI:SS'));
INSERT INTO Users VALUES(50, 'Davida', 'Beckman', 'fitrianti@hotmail.com', TO_TIMESTAMP('1991-12-01 00:00:00', 'YYYY-MM-DD HH24:MI:SS'), TO_TIMESTAMP('2015-03-11 03:25:10', 'YYYY-MM-DD HH24:MI:SS'));
INSERT INTO Users VALUES(51, 'Reggie', 'Moreno', 'meylina310@yahoo.com', TO_TIMESTAMP('1999-11-22 00:00:00', 'YYYY-MM-DD HH24:MI:SS'), TO_TIMESTAMP('2015-05-29 20:01:36', 'YYYY-MM-DD HH24:MI:SS'));
INSERT INTO Users VALUES(52, 'Carylon', 'Chaffee', 'h4ntoro@yahoo.com', TO_TIMESTAMP('1991-03-02 00:00:00', 'YYYY-MM-DD HH24:MI:SS'), TO_TIMESTAMP('2015-01-09 18:37:04', 'YYYY-MM-DD HH24:MI:SS'));
INSERT INTO Users VALUES(53, 'Etha', 'Mcdougald', 'novi_enbe@yahoo.com', TO_TIMESTAMP('1991-09-13 00:00:00', 'YYYY-MM-DD HH24:MI:SS'), TO_TIMESTAMP('2015-07-14 03:00:49', 'YYYY-MM-DD HH24:MI:SS'));
INSERT INTO Users VALUES(54, 'Bertie', 'Banerjee', 'dila_dewata@yahoo.co.id', TO_TIMESTAMP('1990-06-26 00:00:00', 'YYYY-MM-DD HH24:MI:SS'), TO_TIMESTAMP('2015-05-05 06:37:34', 'YYYY-MM-DD HH24:MI:SS'));
INSERT INTO Users VALUES(55, 'Esther', 'Gusman', 'tiena_asfary@yahoo.co.id', TO_TIMESTAMP('1994-05-17 00:00:00', 'YYYY-MM-DD HH24:MI:SS'), TO_TIMESTAMP('2015-06-10 10:04:57', 'YYYY-MM-DD HH24:MI:SS'));
INSERT INTO Users VALUES(56, 'Gricelda', 'Sutphin', 'da_lawoffice@yahoo.com', TO_TIMESTAMP('1997-08-12 00:00:00', 'YYYY-MM-DD HH24:MI:SS'), TO_TIMESTAMP('2015-01-10 08:15:30', 'YYYY-MM-DD HH24:MI:SS'));
INSERT INTO Users VALUES(57, 'An', 'Ojeda', 'rini@ncsecurities.biz', TO_TIMESTAMP('1990-03-29 00:00:00', 'YYYY-MM-DD HH24:MI:SS'), TO_TIMESTAMP('2015-12-22 03:01:29', 'YYYY-MM-DD HH24:MI:SS'));
INSERT INTO Users VALUES(58, 'Dallas', 'Tidwell', 'sudarnoto_hakim@yahoo.com', TO_TIMESTAMP('1998-10-01 00:00:00', 'YYYY-MM-DD HH24:MI:SS'), TO_TIMESTAMP('2015-06-22 13:53:55', 'YYYY-MM-DD HH24:MI:SS'));
INSERT INTO Users VALUES(59, 'Doreen', 'Samaniego', 'wastioke@yahoo.com', TO_TIMESTAMP('1991-03-19 00:00:00', 'YYYY-MM-DD HH24:MI:SS'), TO_TIMESTAMP('2015-06-18 01:49:36', 'YYYY-MM-DD HH24:MI:SS'));
INSERT INTO Users VALUES(60, 'Renna', 'Negley', 'leebahri@yahoo.com.', TO_TIMESTAMP('1999-06-05 00:00:00', 'YYYY-MM-DD HH24:MI:SS'), TO_TIMESTAMP('2015-06-05 14:38:41', 'YYYY-MM-DD HH24:MI:SS'));
INSERT INTO Users VALUES(61, 'Sherlyn', 'Manney', 'lia_kiara97@yahoo.com', TO_TIMESTAMP('1994-12-15 00:00:00', 'YYYY-MM-DD HH24:MI:SS'), TO_TIMESTAMP('2015-05-23 09:03:20', 'YYYY-MM-DD HH24:MI:SS'));
INSERT INTO Users VALUES(62, 'Chang', 'Screen', 'rido@weddingku.com', TO_TIMESTAMP('1993-10-19 00:00:00', 'YYYY-MM-DD HH24:MI:SS'), TO_TIMESTAMP('2015-01-26 08:49:27', 'YYYY-MM-DD HH24:MI:SS'));
INSERT INTO Users VALUES(63, 'Ethan', 'Lisby', 'b_astuti@telkomsel.co.id', TO_TIMESTAMP('1993-12-29 00:00:00', 'YYYY-MM-DD HH24:MI:SS'), TO_TIMESTAMP('2015-08-02 18:38:45', 'YYYY-MM-DD HH24:MI:SS'));
INSERT INTO Users VALUES(64, 'Omer', 'Munday', 'garudawisata@indo.net.id', TO_TIMESTAMP('1993-12-22 00:00:00', 'YYYY-MM-DD HH24:MI:SS'), TO_TIMESTAMP('2015-08-09 16:00:18', 'YYYY-MM-DD HH24:MI:SS'));
INSERT INTO Users VALUES(65, 'Tesha', 'Foutch', 'grfurniture@yahoo.com', TO_TIMESTAMP('1992-05-14 00:00:00', 'YYYY-MM-DD HH24:MI:SS'), TO_TIMESTAMP('2015-08-30 07:40:22', 'YYYY-MM-DD HH24:MI:SS'));
INSERT INTO Users VALUES(66, 'Arminda', 'Manly', 'gosyen2000@hotmail.com', TO_TIMESTAMP('1991-02-09 00:00:00', 'YYYY-MM-DD HH24:MI:SS'), TO_TIMESTAMP('2015-09-08 16:50:04', 'YYYY-MM-DD HH24:MI:SS'));
INSERT INTO Users VALUES(67, 'Keven', 'Delgado', 'hvhfood@indosat.net.id', TO_TIMESTAMP('1995-12-28 00:00:00', 'YYYY-MM-DD HH24:MI:SS'), TO_TIMESTAMP('2015-10-06 14:10:51', 'YYYY-MM-DD HH24:MI:SS'));
INSERT INTO Users VALUES(68, 'Samella', 'Dotson', 'hr@astonbali.com', TO_TIMESTAMP('1997-05-18 00:00:00', 'YYYY-MM-DD HH24:MI:SS'), TO_TIMESTAMP('2015-01-25 15:47:11', 'YYYY-MM-DD HH24:MI:SS'));
INSERT INTO Users VALUES(69, 'Diann', 'Finnell', 'hary@wibisono-family.com', TO_TIMESTAMP('1990-12-03 00:00:00', 'YYYY-MM-DD HH24:MI:SS'), TO_TIMESTAMP('2015-04-10 01:01:49', 'YYYY-MM-DD HH24:MI:SS'));
INSERT INTO Users VALUES(70, 'My', 'Wood', 'fadlycakp@yahoo.com', TO_TIMESTAMP('1993-09-16 00:00:00', 'YYYY-MM-DD HH24:MI:SS'), TO_TIMESTAMP('2015-07-19 04:14:27', 'YYYY-MM-DD HH24:MI:SS'));
INSERT INTO Users VALUES(71, 'Tamatha', 'Boros', 'ida_sampurniah@telkomsel.co.id', TO_TIMESTAMP('1991-01-24 00:00:00', 'YYYY-MM-DD HH24:MI:SS'), TO_TIMESTAMP('2015-11-27 03:01:39', 'YYYY-MM-DD HH24:MI:SS'));
INSERT INTO Users VALUES(72, 'Lawanda', 'Prum', 'muslim-pariwisata-bali@yahoogroups.com', TO_TIMESTAMP('1997-03-25 00:00:00', 'YYYY-MM-DD HH24:MI:SS'), TO_TIMESTAMP('2015-06-04 12:04:52', 'YYYY-MM-DD HH24:MI:SS'));
INSERT INTO Users VALUES(73, 'Cassie', 'Hiner', 'harisnira@yahoo.com', TO_TIMESTAMP('1990-10-25 00:00:00', 'YYYY-MM-DD HH24:MI:SS'), TO_TIMESTAMP('2015-11-24 15:06:30', 'YYYY-MM-DD HH24:MI:SS'));
INSERT INTO Users VALUES(74, 'Kristina', 'Ziebarth', 'sales@houseofbali.com', TO_TIMESTAMP('1997-03-21 00:00:00', 'YYYY-MM-DD HH24:MI:SS'), TO_TIMESTAMP('2015-03-30 22:13:30', 'YYYY-MM-DD HH24:MI:SS'));
INSERT INTO Users VALUES(75, 'Rodolfo', 'Caffee', 'baim_ron@yahoo.com', TO_TIMESTAMP('1991-08-08 00:00:00', 'YYYY-MM-DD HH24:MI:SS'), TO_TIMESTAMP('2015-07-16 17:59:04', 'YYYY-MM-DD HH24:MI:SS'));
INSERT INTO Users VALUES(76, 'Reynaldo', 'Gilliard', 'ilhambali222@yahoo.com', TO_TIMESTAMP('1992-06-19 00:00:00', 'YYYY-MM-DD HH24:MI:SS'), TO_TIMESTAMP('2015-11-27 20:33:07', 'YYYY-MM-DD HH24:MI:SS'));
INSERT INTO Users VALUES(77, 'Barbara', 'Venne', 'bungjon@gmail.com', TO_TIMESTAMP('1999-11-23 00:00:00', 'YYYY-MM-DD HH24:MI:SS'), TO_TIMESTAMP('2015-09-07 10:25:28', 'YYYY-MM-DD HH24:MI:SS'));
INSERT INTO Users VALUES(78, 'Jestine', 'Perrigo', 'diar@bdg.centrin.net.id', TO_TIMESTAMP('1996-12-09 00:00:00', 'YYYY-MM-DD HH24:MI:SS'), TO_TIMESTAMP('2015-01-17 22:06:50', 'YYYY-MM-DD HH24:MI:SS'));
INSERT INTO Users VALUES(79, 'Glenda', 'Hermsen', 'elmienruge@hotmail.com', TO_TIMESTAMP('1991-09-29 00:00:00', 'YYYY-MM-DD HH24:MI:SS'), TO_TIMESTAMP('2015-09-08 21:51:32', 'YYYY-MM-DD HH24:MI:SS'));
INSERT INTO Users VALUES(80, 'Emory', 'Valenzuela', 'galaxygarden2006@yahoo.com', TO_TIMESTAMP('1993-05-10 00:00:00', 'YYYY-MM-DD HH24:MI:SS'), TO_TIMESTAMP('2015-04-17 14:47:51', 'YYYY-MM-DD HH24:MI:SS'));
INSERT INTO Users VALUES(81, 'Cherrie', 'Beckford', 'gorisata@indosat.net.id', TO_TIMESTAMP('1994-11-15 00:00:00', 'YYYY-MM-DD HH24:MI:SS'), TO_TIMESTAMP('2015-08-26 06:56:48', 'YYYY-MM-DD HH24:MI:SS'));
INSERT INTO Users VALUES(82, 'Ta', 'Busick', 'maulitasarihani@yahoo.com', TO_TIMESTAMP('1996-04-19 00:00:00', 'YYYY-MM-DD HH24:MI:SS'), TO_TIMESTAMP('2015-01-06 06:30:04', 'YYYY-MM-DD HH24:MI:SS'));
INSERT INTO Users VALUES(83, 'Brain', 'Campana', 'hamiluddakwah@gmail.com.au', TO_TIMESTAMP('1996-02-22 00:00:00', 'YYYY-MM-DD HH24:MI:SS'), TO_TIMESTAMP('2015-12-13 01:29:25', 'YYYY-MM-DD HH24:MI:SS'));
INSERT INTO Users VALUES(84, 'Francisco', 'Simington', 'bounty@indo.net.id', TO_TIMESTAMP('1990-04-17 00:00:00', 'YYYY-MM-DD HH24:MI:SS'), TO_TIMESTAMP('2015-08-13 07:19:37', 'YYYY-MM-DD HH24:MI:SS'));
INSERT INTO Users VALUES(85, 'Hui', 'Neider', 'michi@ritzcarlton-bali.com', TO_TIMESTAMP('1994-12-28 00:00:00', 'YYYY-MM-DD HH24:MI:SS'), TO_TIMESTAMP('2015-12-21 09:20:57', 'YYYY-MM-DD HH24:MI:SS'));
INSERT INTO Users VALUES(86, 'Micha', 'Fortner', 'orridor@dps.centrin.net.id', TO_TIMESTAMP('1992-03-29 00:00:00', 'YYYY-MM-DD HH24:MI:SS'), TO_TIMESTAMP('2015-05-25 04:37:18', 'YYYY-MM-DD HH24:MI:SS'));
INSERT INTO Users VALUES(87, 'Kasandra', 'Mccafferty', 'ngumina@hotmail.com', TO_TIMESTAMP('1999-08-06 00:00:00', 'YYYY-MM-DD HH24:MI:SS'), TO_TIMESTAMP('2015-06-09 19:37:58', 'YYYY-MM-DD HH24:MI:SS'));
INSERT INTO Users VALUES(88, 'Yadira', 'Rainville', 'made@mas-travel.com', TO_TIMESTAMP('1998-01-04 00:00:00', 'YYYY-MM-DD HH24:MI:SS'), TO_TIMESTAMP('2015-06-13 01:36:55', 'YYYY-MM-DD HH24:MI:SS'));
INSERT INTO Users VALUES(89, 'Tanisha', 'Shearin', 'evi@mas-travel.com', TO_TIMESTAMP('1994-05-05 00:00:00', 'YYYY-MM-DD HH24:MI:SS'), TO_TIMESTAMP('2015-04-07 12:34:27', 'YYYY-MM-DD HH24:MI:SS'));
INSERT INTO Users VALUES(90, 'Kum', 'Matheny', 'wibawa@mas-travel.com', TO_TIMESTAMP('1993-12-06 00:00:00', 'YYYY-MM-DD HH24:MI:SS'), TO_TIMESTAMP('2015-08-19 16:54:28', 'YYYY-MM-DD HH24:MI:SS'));
INSERT INTO Users VALUES(91, 'Freeda', 'Edney', 'saihubaly@yahoo.co.id', TO_TIMESTAMP('1995-09-20 00:00:00', 'YYYY-MM-DD HH24:MI:SS'), TO_TIMESTAMP('2015-05-03 17:13:28', 'YYYY-MM-DD HH24:MI:SS'));
INSERT INTO Users VALUES(92, 'Elvina', 'Cate', 'swa_candra@yahoo.com', TO_TIMESTAMP('1999-05-08 00:00:00', 'YYYY-MM-DD HH24:MI:SS'), TO_TIMESTAMP('2015-08-14 05:03:23', 'YYYY-MM-DD HH24:MI:SS'));
INSERT INTO Users VALUES(93, 'Natalie', 'Harshman', 'picapica@denpasar.wasantara.net.id', TO_TIMESTAMP('1995-01-25 00:00:00', 'YYYY-MM-DD HH24:MI:SS'), TO_TIMESTAMP('2015-04-05 04:46:40', 'YYYY-MM-DD HH24:MI:SS'));
INSERT INTO Users VALUES(94, 'Catharine', 'Conrad', 'griyasantrian@santrian.com', TO_TIMESTAMP('1992-07-06 00:00:00', 'YYYY-MM-DD HH24:MI:SS'), TO_TIMESTAMP('2015-02-14 01:54:15', 'YYYY-MM-DD HH24:MI:SS'));
INSERT INTO Users VALUES(95, 'Marcelina', 'Villalba', 'yuni6671@gmail.com', TO_TIMESTAMP('1995-08-23 00:00:00', 'YYYY-MM-DD HH24:MI:SS'), TO_TIMESTAMP('2015-12-05 05:31:37', 'YYYY-MM-DD HH24:MI:SS'));
INSERT INTO Users VALUES(96, 'Eldridge', 'Sankey', 'phbalichef@indo.net.id', TO_TIMESTAMP('1990-09-08 00:00:00', 'YYYY-MM-DD HH24:MI:SS'), TO_TIMESTAMP('2015-03-24 12:03:13', 'YYYY-MM-DD HH24:MI:SS'));
INSERT INTO Users VALUES(97, 'Colene', 'Madill', 'vendra@keratonjimbaranresort.com', TO_TIMESTAMP('1999-05-21 00:00:00', 'YYYY-MM-DD HH24:MI:SS'), TO_TIMESTAMP('2015-04-24 05:05:51', 'YYYY-MM-DD HH24:MI:SS'));
INSERT INTO Users VALUES(98, 'Kayleigh', 'Melby', 'bali@pansea.com', TO_TIMESTAMP('1998-11-01 00:00:00', 'YYYY-MM-DD HH24:MI:SS'), TO_TIMESTAMP('2015-07-28 21:42:33', 'YYYY-MM-DD HH24:MI:SS'));
INSERT INTO Users VALUES(99, 'Sidney', 'Card', 'sales@legianbeachbali.com', TO_TIMESTAMP('1990-09-14 00:00:00', 'YYYY-MM-DD HH24:MI:SS'), TO_TIMESTAMP('2015-10-01 06:04:59', 'YYYY-MM-DD HH24:MI:SS'));
INSERT INTO Users VALUES(100, 'Shayna', 'Jacox', 'purchasing@meliabali.com', TO_TIMESTAMP('1996-08-03 00:00:00', 'YYYY-MM-DD HH24:MI:SS'), TO_TIMESTAMP('2015-02-15 21:04:26', 'YYYY-MM-DD HH24:MI:SS'));



--Insert For Friendships
--Frienship date all from 2014 or 2015
INSERT INTO Friendships VALUES(2, 47, 'established', TO_TIMESTAMP('2015-03-18 20:32:10', 'YYYY-MM-DD HH24:MI:SS'));
INSERT INTO Friendships VALUES(25, 65, 'pending', TO_TIMESTAMP('2015-05-26 13:18:51', 'YYYY-MM-DD HH24:MI:SS'));
INSERT INTO Friendships VALUES(80, 60, 'pending', TO_TIMESTAMP('2015-04-06 06:25:39', 'YYYY-MM-DD HH24:MI:SS'));
INSERT INTO Friendships VALUES(24, 84, 'pending', TO_TIMESTAMP('2014-09-07 19:26:46', 'YYYY-MM-DD HH24:MI:SS'));
INSERT INTO Friendships VALUES(27, 21, 'pending', TO_TIMESTAMP('2015-09-15 12:45:04', 'YYYY-MM-DD HH24:MI:SS'));
INSERT INTO Friendships VALUES(38, 8, 'pending', TO_TIMESTAMP('2014-06-28 17:13:31', 'YYYY-MM-DD HH24:MI:SS'));
INSERT INTO Friendships VALUES(3, 10, 'established', TO_TIMESTAMP('2015-04-23 17:41:57', 'YYYY-MM-DD HH24:MI:SS'));
INSERT INTO Friendships VALUES(66, 69, 'pending', TO_TIMESTAMP('2015-03-04 07:31:09', 'YYYY-MM-DD HH24:MI:SS'));
INSERT INTO Friendships VALUES(79, 91, 'pending', TO_TIMESTAMP('2015-09-30 16:35:49', 'YYYY-MM-DD HH24:MI:SS'));
INSERT INTO Friendships VALUES(25, 8, 'established', TO_TIMESTAMP('2015-08-24 18:55:47', 'YYYY-MM-DD HH24:MI:SS'));
INSERT INTO Friendships VALUES(97, 20, 'pending', TO_TIMESTAMP('2014-02-13 21:46:12', 'YYYY-MM-DD HH24:MI:SS'));
INSERT INTO Friendships VALUES(57, 82, 'established', TO_TIMESTAMP('2015-11-19 08:24:28', 'YYYY-MM-DD HH24:MI:SS'));
INSERT INTO Friendships VALUES(69, 35, 'established', TO_TIMESTAMP('2015-10-29 15:34:50', 'YYYY-MM-DD HH24:MI:SS'));
INSERT INTO Friendships VALUES(26, 11, 'pending', TO_TIMESTAMP('2014-11-14 19:25:48', 'YYYY-MM-DD HH24:MI:SS'));
INSERT INTO Friendships VALUES(89, 68, 'established', TO_TIMESTAMP('2014-09-30 21:25:30', 'YYYY-MM-DD HH24:MI:SS'));
INSERT INTO Friendships VALUES(91, 46, 'pending', TO_TIMESTAMP('2015-03-01 18:28:22', 'YYYY-MM-DD HH24:MI:SS'));
INSERT INTO Friendships VALUES(91, 76, 'established', TO_TIMESTAMP('2014-07-03 19:32:30', 'YYYY-MM-DD HH24:MI:SS'));
INSERT INTO Friendships VALUES(5, 42, 'established', TO_TIMESTAMP('2014-10-06 09:36:06', 'YYYY-MM-DD HH24:MI:SS'));
INSERT INTO Friendships VALUES(37, 35, 'pending', TO_TIMESTAMP('2014-05-02 17:40:03', 'YYYY-MM-DD HH24:MI:SS'));
INSERT INTO Friendships VALUES(75, 12, 'pending', TO_TIMESTAMP('2015-05-04 23:13:36', 'YYYY-MM-DD HH24:MI:SS'));
INSERT INTO Friendships VALUES(81, 66, 'established', TO_TIMESTAMP('2015-08-12 07:56:35', 'YYYY-MM-DD HH24:MI:SS'));
INSERT INTO Friendships VALUES(56, 22, 'pending', TO_TIMESTAMP('2015-05-21 20:44:46', 'YYYY-MM-DD HH24:MI:SS'));
INSERT INTO Friendships VALUES(34, 43, 'established', TO_TIMESTAMP('2014-09-23 07:44:23', 'YYYY-MM-DD HH24:MI:SS'));
INSERT INTO Friendships VALUES(15, 93, 'established', TO_TIMESTAMP('2015-06-30 07:11:16', 'YYYY-MM-DD HH24:MI:SS'));
INSERT INTO Friendships VALUES(67, 13, 'pending', TO_TIMESTAMP('2014-04-06 12:58:00', 'YYYY-MM-DD HH24:MI:SS'));
INSERT INTO Friendships VALUES(80, 82, 'established', TO_TIMESTAMP('2015-03-11 21:16:07', 'YYYY-MM-DD HH24:MI:SS'));
INSERT INTO Friendships VALUES(24, 56, 'established', TO_TIMESTAMP('2014-01-29 01:37:31', 'YYYY-MM-DD HH24:MI:SS'));
INSERT INTO Friendships VALUES(94, 28, 'established', TO_TIMESTAMP('2014-06-01 10:05:49', 'YYYY-MM-DD HH24:MI:SS'));
INSERT INTO Friendships VALUES(94, 76, 'established', TO_TIMESTAMP('2014-09-14 22:38:00', 'YYYY-MM-DD HH24:MI:SS'));
INSERT INTO Friendships VALUES(81, 71, 'pending', TO_TIMESTAMP('2015-01-27 21:50:12', 'YYYY-MM-DD HH24:MI:SS'));
INSERT INTO Friendships VALUES(5, 46, 'established', TO_TIMESTAMP('2014-04-19 16:29:20', 'YYYY-MM-DD HH24:MI:SS'));
INSERT INTO Friendships VALUES(46, 21, 'pending', TO_TIMESTAMP('2014-11-24 17:05:59', 'YYYY-MM-DD HH24:MI:SS'));
INSERT INTO Friendships VALUES(26, 74, 'established', TO_TIMESTAMP('2014-08-04 10:35:47', 'YYYY-MM-DD HH24:MI:SS'));
INSERT INTO Friendships VALUES(78, 18, 'established', TO_TIMESTAMP('2015-06-25 11:34:49', 'YYYY-MM-DD HH24:MI:SS'));
INSERT INTO Friendships VALUES(16, 4, 'established', TO_TIMESTAMP('2015-05-03 21:51:10', 'YYYY-MM-DD HH24:MI:SS'));
INSERT INTO Friendships VALUES(79, 87, 'established', TO_TIMESTAMP('2015-08-12 15:30:00', 'YYYY-MM-DD HH24:MI:SS'));
INSERT INTO Friendships VALUES(73, 17, 'established', TO_TIMESTAMP('2015-07-30 03:46:15', 'YYYY-MM-DD HH24:MI:SS'));
INSERT INTO Friendships VALUES(88, 83, 'established', TO_TIMESTAMP('2015-11-05 11:39:10', 'YYYY-MM-DD HH24:MI:SS'));
INSERT INTO Friendships VALUES(32, 15, 'pending', TO_TIMESTAMP('2015-08-27 05:15:38', 'YYYY-MM-DD HH24:MI:SS'));
INSERT INTO Friendships VALUES(98, 92, 'pending', TO_TIMESTAMP('2015-10-28 21:19:45', 'YYYY-MM-DD HH24:MI:SS'));
INSERT INTO Friendships VALUES(10, 72, 'established', TO_TIMESTAMP('2015-01-20 15:05:07', 'YYYY-MM-DD HH24:MI:SS'));
INSERT INTO Friendships VALUES(82, 64, 'pending', TO_TIMESTAMP('2015-08-10 21:18:17', 'YYYY-MM-DD HH24:MI:SS'));
INSERT INTO Friendships VALUES(13, 38, 'pending', TO_TIMESTAMP('2014-12-25 01:41:58', 'YYYY-MM-DD HH24:MI:SS'));
INSERT INTO Friendships VALUES(50, 21, 'established', TO_TIMESTAMP('2015-06-01 11:30:57', 'YYYY-MM-DD HH24:MI:SS'));
INSERT INTO Friendships VALUES(6, 14, 'pending', TO_TIMESTAMP('2014-03-27 19:13:05', 'YYYY-MM-DD HH24:MI:SS'));
INSERT INTO Friendships VALUES(5, 54, 'pending', TO_TIMESTAMP('2014-09-19 12:57:24', 'YYYY-MM-DD HH24:MI:SS'));
INSERT INTO Friendships VALUES(53, 2, 'pending', TO_TIMESTAMP('2015-06-30 11:00:26', 'YYYY-MM-DD HH24:MI:SS'));
INSERT INTO Friendships VALUES(41, 34, 'established', TO_TIMESTAMP('2014-08-23 01:38:23', 'YYYY-MM-DD HH24:MI:SS'));
INSERT INTO Friendships VALUES(13, 28, 'pending', TO_TIMESTAMP('2015-07-05 10:01:28', 'YYYY-MM-DD HH24:MI:SS'));
INSERT INTO Friendships VALUES(53, 70, 'established', TO_TIMESTAMP('2014-12-09 19:40:59', 'YYYY-MM-DD HH24:MI:SS'));
INSERT INTO Friendships VALUES(75, 79, 'established', TO_TIMESTAMP('2015-07-15 23:36:44', 'YYYY-MM-DD HH24:MI:SS'));
INSERT INTO Friendships VALUES(89, 35, 'established', TO_TIMESTAMP('2015-07-01 03:04:56', 'YYYY-MM-DD HH24:MI:SS'));
INSERT INTO Friendships VALUES(75, 69, 'pending', TO_TIMESTAMP('2014-06-24 03:53:27', 'YYYY-MM-DD HH24:MI:SS'));
INSERT INTO Friendships VALUES(93, 11, 'pending', TO_TIMESTAMP('2015-07-25 04:50:32', 'YYYY-MM-DD HH24:MI:SS'));
INSERT INTO Friendships VALUES(61, 38, 'established', TO_TIMESTAMP('2014-08-11 02:47:33', 'YYYY-MM-DD HH24:MI:SS'));
INSERT INTO Friendships VALUES(75, 41, 'pending', TO_TIMESTAMP('2015-03-08 09:33:29', 'YYYY-MM-DD HH24:MI:SS'));
INSERT INTO Friendships VALUES(50, 97, 'pending', TO_TIMESTAMP('2015-04-16 08:26:55', 'YYYY-MM-DD HH24:MI:SS'));
INSERT INTO Friendships VALUES(63, 44, 'pending', TO_TIMESTAMP('2015-01-21 21:18:43', 'YYYY-MM-DD HH24:MI:SS'));
INSERT INTO Friendships VALUES(5, 100, 'established', TO_TIMESTAMP('2015-05-24 12:57:05', 'YYYY-MM-DD HH24:MI:SS'));
INSERT INTO Friendships VALUES(52, 56, 'established', TO_TIMESTAMP('2015-08-07 06:55:36', 'YYYY-MM-DD HH24:MI:SS'));
INSERT INTO Friendships VALUES(22, 54, 'pending', TO_TIMESTAMP('2014-04-16 22:58:33', 'YYYY-MM-DD HH24:MI:SS'));
INSERT INTO Friendships VALUES(82, 32, 'established', TO_TIMESTAMP('2015-09-24 23:02:57', 'YYYY-MM-DD HH24:MI:SS'));
INSERT INTO Friendships VALUES(63, 39, 'established', TO_TIMESTAMP('2014-05-07 15:14:37', 'YYYY-MM-DD HH24:MI:SS'));
INSERT INTO Friendships VALUES(58, 28, 'pending', TO_TIMESTAMP('2014-12-08 04:56:16', 'YYYY-MM-DD HH24:MI:SS'));
INSERT INTO Friendships VALUES(37, 76, 'pending', TO_TIMESTAMP('2014-05-24 06:43:51', 'YYYY-MM-DD HH24:MI:SS'));
INSERT INTO Friendships VALUES(20, 32, 'established', TO_TIMESTAMP('2015-01-05 15:46:16', 'YYYY-MM-DD HH24:MI:SS'));
INSERT INTO Friendships VALUES(6, 24, 'pending', TO_TIMESTAMP('2015-07-13 19:11:11', 'YYYY-MM-DD HH24:MI:SS'));
INSERT INTO Friendships VALUES(49, 40, 'pending', TO_TIMESTAMP('2014-03-17 09:03:58', 'YYYY-MM-DD HH24:MI:SS'));
INSERT INTO Friendships VALUES(51, 8, 'pending', TO_TIMESTAMP('2015-07-21 06:31:52', 'YYYY-MM-DD HH24:MI:SS'));
INSERT INTO Friendships VALUES(73, 50, 'established', TO_TIMESTAMP('2015-08-28 15:07:26', 'YYYY-MM-DD HH24:MI:SS'));
INSERT INTO Friendships VALUES(90, 66, 'pending', TO_TIMESTAMP('2015-03-29 01:11:47', 'YYYY-MM-DD HH24:MI:SS'));
INSERT INTO Friendships VALUES(47, 9, 'pending', TO_TIMESTAMP('2014-04-25 18:03:20', 'YYYY-MM-DD HH24:MI:SS'));
INSERT INTO Friendships VALUES(74, 58, 'established', TO_TIMESTAMP('2014-09-14 01:10:33', 'YYYY-MM-DD HH24:MI:SS'));
INSERT INTO Friendships VALUES(81, 74, 'pending', TO_TIMESTAMP('2015-10-11 01:20:57', 'YYYY-MM-DD HH24:MI:SS'));
INSERT INTO Friendships VALUES(19, 60, 'established', TO_TIMESTAMP('2015-01-14 12:55:44', 'YYYY-MM-DD HH24:MI:SS'));
INSERT INTO Friendships VALUES(65, 29, 'established', TO_TIMESTAMP('2014-01-15 23:39:15', 'YYYY-MM-DD HH24:MI:SS'));
INSERT INTO Friendships VALUES(34, 10, 'pending', TO_TIMESTAMP('2015-04-10 20:53:27', 'YYYY-MM-DD HH24:MI:SS'));
INSERT INTO Friendships VALUES(46, 75, 'established', TO_TIMESTAMP('2014-08-25 16:18:55', 'YYYY-MM-DD HH24:MI:SS'));
INSERT INTO Friendships VALUES(64, 97, 'established', TO_TIMESTAMP('2014-12-24 21:46:08', 'YYYY-MM-DD HH24:MI:SS'));
INSERT INTO Friendships VALUES(88, 99, 'established', TO_TIMESTAMP('2015-04-19 13:11:50', 'YYYY-MM-DD HH24:MI:SS'));
INSERT INTO Friendships VALUES(6, 74, 'established', TO_TIMESTAMP('2014-07-10 15:31:08', 'YYYY-MM-DD HH24:MI:SS'));
INSERT INTO Friendships VALUES(97, 37, 'pending', TO_TIMESTAMP('2014-03-29 22:55:02', 'YYYY-MM-DD HH24:MI:SS'));
INSERT INTO Friendships VALUES(71, 95, 'established', TO_TIMESTAMP('2014-11-10 01:07:34', 'YYYY-MM-DD HH24:MI:SS'));
INSERT INTO Friendships VALUES(66, 49, 'established', TO_TIMESTAMP('2015-12-26 21:29:33', 'YYYY-MM-DD HH24:MI:SS'));
INSERT INTO Friendships VALUES(19, 5, 'established', TO_TIMESTAMP('2015-07-29 01:40:36', 'YYYY-MM-DD HH24:MI:SS'));
INSERT INTO Friendships VALUES(78, 82, 'pending', TO_TIMESTAMP('2015-12-03 13:50:08', 'YYYY-MM-DD HH24:MI:SS'));
INSERT INTO Friendships VALUES(48, 56, 'pending', TO_TIMESTAMP('2014-04-17 01:03:17', 'YYYY-MM-DD HH24:MI:SS'));
INSERT INTO Friendships VALUES(12, 81, 'pending', TO_TIMESTAMP('2015-02-12 20:00:51', 'YYYY-MM-DD HH24:MI:SS'));
INSERT INTO Friendships VALUES(44, 93, 'pending', TO_TIMESTAMP('2014-10-23 11:39:54', 'YYYY-MM-DD HH24:MI:SS'));
INSERT INTO Friendships VALUES(84, 57, 'pending', TO_TIMESTAMP('2014-08-30 02:22:54', 'YYYY-MM-DD HH24:MI:SS'));
INSERT INTO Friendships VALUES(84, 83, 'pending', TO_TIMESTAMP('2015-12-22 08:44:55', 'YYYY-MM-DD HH24:MI:SS'));
INSERT INTO Friendships VALUES(69, 65, 'established', TO_TIMESTAMP('2015-02-07 02:43:02', 'YYYY-MM-DD HH24:MI:SS'));
INSERT INTO Friendships VALUES(32, 21, 'established', TO_TIMESTAMP('2015-02-16 21:55:20', 'YYYY-MM-DD HH24:MI:SS'));
INSERT INTO Friendships VALUES(84, 41, 'pending', TO_TIMESTAMP('2015-11-28 23:21:07', 'YYYY-MM-DD HH24:MI:SS'));
INSERT INTO Friendships VALUES(34, 45, 'established', TO_TIMESTAMP('2015-11-08 09:17:18', 'YYYY-MM-DD HH24:MI:SS'));
INSERT INTO Friendships VALUES(60, 79, 'pending', TO_TIMESTAMP('2014-12-11 01:38:12', 'YYYY-MM-DD HH24:MI:SS'));
INSERT INTO Friendships VALUES(63, 20, 'pending', TO_TIMESTAMP('2014-12-27 04:59:40', 'YYYY-MM-DD HH24:MI:SS'));
INSERT INTO Friendships VALUES(100, 36, 'pending', TO_TIMESTAMP('2014-06-27 11:34:54', 'YYYY-MM-DD HH24:MI:SS'));
INSERT INTO Friendships VALUES(93, 90, 'established', TO_TIMESTAMP('2015-12-24 07:12:43', 'YYYY-MM-DD HH24:MI:SS'));
INSERT INTO Friendships VALUES(89, 85, 'pending', TO_TIMESTAMP('2014-07-09 11:24:27', 'YYYY-MM-DD HH24:MI:SS'));
INSERT INTO Friendships VALUES(21, 36, 'pending', TO_TIMESTAMP('2015-01-03 21:33:11', 'YYYY-MM-DD HH24:MI:SS'));
INSERT INTO Friendships VALUES(79, 49, 'pending', TO_TIMESTAMP('2014-03-02 03:37:32', 'YYYY-MM-DD HH24:MI:SS'));
INSERT INTO Friendships VALUES(68, 74, 'pending', TO_TIMESTAMP('2014-09-24 11:59:07', 'YYYY-MM-DD HH24:MI:SS'));
INSERT INTO Friendships VALUES(39, 11, 'pending', TO_TIMESTAMP('2015-11-05 14:39:13', 'YYYY-MM-DD HH24:MI:SS'));
INSERT INTO Friendships VALUES(91, 67, 'established', TO_TIMESTAMP('2014-05-20 23:24:23', 'YYYY-MM-DD HH24:MI:SS'));
INSERT INTO Friendships VALUES(45, 60, 'established', TO_TIMESTAMP('2015-02-22 05:07:33', 'YYYY-MM-DD HH24:MI:SS'));
INSERT INTO Friendships VALUES(54, 34, 'pending', TO_TIMESTAMP('2014-01-11 02:52:22', 'YYYY-MM-DD HH24:MI:SS'));
INSERT INTO Friendships VALUES(77, 83, 'established', TO_TIMESTAMP('2015-12-07 20:35:49', 'YYYY-MM-DD HH24:MI:SS'));
INSERT INTO Friendships VALUES(46, 1, 'established', TO_TIMESTAMP('2014-09-02 10:15:17', 'YYYY-MM-DD HH24:MI:SS'));
INSERT INTO Friendships VALUES(40, 79, 'established', TO_TIMESTAMP('2015-10-21 15:30:16', 'YYYY-MM-DD HH24:MI:SS'));
INSERT INTO Friendships VALUES(97, 56, 'pending', TO_TIMESTAMP('2015-09-20 17:21:16', 'YYYY-MM-DD HH24:MI:SS'));
INSERT INTO Friendships VALUES(24, 82, 'established', TO_TIMESTAMP('2014-04-26 13:30:58', 'YYYY-MM-DD HH24:MI:SS'));
INSERT INTO Friendships VALUES(58, 17, 'pending', TO_TIMESTAMP('2014-01-01 11:23:18', 'YYYY-MM-DD HH24:MI:SS'));
INSERT INTO Friendships VALUES(40, 63, 'pending', TO_TIMESTAMP('2015-12-12 07:45:17', 'YYYY-MM-DD HH24:MI:SS'));
INSERT INTO Friendships VALUES(72, 96, 'pending', TO_TIMESTAMP('2015-07-13 13:24:16', 'YYYY-MM-DD HH24:MI:SS'));
INSERT INTO Friendships VALUES(1, 56, 'pending', TO_TIMESTAMP('2015-10-07 03:24:35', 'YYYY-MM-DD HH24:MI:SS'));
INSERT INTO Friendships VALUES(9, 81, 'pending', TO_TIMESTAMP('2014-10-21 02:22:18', 'YYYY-MM-DD HH24:MI:SS'));
INSERT INTO Friendships VALUES(6, 86, 'pending', TO_TIMESTAMP('2014-05-27 08:54:52', 'YYYY-MM-DD HH24:MI:SS'));
INSERT INTO Friendships VALUES(85, 87, 'pending', TO_TIMESTAMP('2015-01-03 14:49:45', 'YYYY-MM-DD HH24:MI:SS'));
INSERT INTO Friendships VALUES(26, 87, 'established', TO_TIMESTAMP('2014-03-11 12:40:40', 'YYYY-MM-DD HH24:MI:SS'));
INSERT INTO Friendships VALUES(48, 81, 'pending', TO_TIMESTAMP('2014-03-13 17:13:30', 'YYYY-MM-DD HH24:MI:SS'));
INSERT INTO Friendships VALUES(79, 16, 'pending', TO_TIMESTAMP('2015-10-01 22:32:02', 'YYYY-MM-DD HH24:MI:SS'));
INSERT INTO Friendships VALUES(100, 41, 'pending', TO_TIMESTAMP('2014-04-07 14:44:51', 'YYYY-MM-DD HH24:MI:SS'));
INSERT INTO Friendships VALUES(27, 74, 'established', TO_TIMESTAMP('2014-02-06 09:38:28', 'YYYY-MM-DD HH24:MI:SS'));
INSERT INTO Friendships VALUES(68, 72, 'pending', TO_TIMESTAMP('2014-04-06 08:53:24', 'YYYY-MM-DD HH24:MI:SS'));
INSERT INTO Friendships VALUES(39, 6, 'established', TO_TIMESTAMP('2014-10-30 17:50:04', 'YYYY-MM-DD HH24:MI:SS'));
INSERT INTO Friendships VALUES(34, 73, 'established', TO_TIMESTAMP('2015-07-07 23:39:48', 'YYYY-MM-DD HH24:MI:SS'));
INSERT INTO Friendships VALUES(17, 92, 'pending', TO_TIMESTAMP('2014-10-13 03:47:59', 'YYYY-MM-DD HH24:MI:SS'));
INSERT INTO Friendships VALUES(3, 72, 'pending', TO_TIMESTAMP('2015-05-03 23:10:06', 'YYYY-MM-DD HH24:MI:SS'));
INSERT INTO Friendships VALUES(29, 35, 'established', TO_TIMESTAMP('2015-03-14 08:17:20', 'YYYY-MM-DD HH24:MI:SS'));
INSERT INTO Friendships VALUES(91, 14, 'pending', TO_TIMESTAMP('2014-03-13 06:52:10', 'YYYY-MM-DD HH24:MI:SS'));
INSERT INTO Friendships VALUES(35, 56, 'established', TO_TIMESTAMP('2015-10-17 21:16:16', 'YYYY-MM-DD HH24:MI:SS'));
INSERT INTO Friendships VALUES(13, 69, 'established', TO_TIMESTAMP('2014-06-17 04:20:06', 'YYYY-MM-DD HH24:MI:SS'));
INSERT INTO Friendships VALUES(34, 96, 'pending', TO_TIMESTAMP('2015-04-02 06:26:21', 'YYYY-MM-DD HH24:MI:SS'));
INSERT INTO Friendships VALUES(70, 99, 'pending', TO_TIMESTAMP('2015-10-01 21:02:15', 'YYYY-MM-DD HH24:MI:SS'));
INSERT INTO Friendships VALUES(70, 18, 'pending', TO_TIMESTAMP('2015-06-09 04:39:25', 'YYYY-MM-DD HH24:MI:SS'));
INSERT INTO Friendships VALUES(86, 4, 'established', TO_TIMESTAMP('2014-05-16 06:45:26', 'YYYY-MM-DD HH24:MI:SS'));
INSERT INTO Friendships VALUES(99, 82, 'pending', TO_TIMESTAMP('2015-01-15 19:54:05', 'YYYY-MM-DD HH24:MI:SS'));
INSERT INTO Friendships VALUES(68, 77, 'established', TO_TIMESTAMP('2015-06-02 20:01:15', 'YYYY-MM-DD HH24:MI:SS'));
INSERT INTO Friendships VALUES(41, 37, 'pending', TO_TIMESTAMP('2015-06-21 14:35:09', 'YYYY-MM-DD HH24:MI:SS'));
INSERT INTO Friendships VALUES(10, 25, 'established', TO_TIMESTAMP('2015-01-07 09:38:16', 'YYYY-MM-DD HH24:MI:SS'));
INSERT INTO Friendships VALUES(51, 40, 'established', TO_TIMESTAMP('2014-09-24 08:26:12', 'YYYY-MM-DD HH24:MI:SS'));
INSERT INTO Friendships VALUES(51, 58, 'established', TO_TIMESTAMP('2014-04-04 04:59:53', 'YYYY-MM-DD HH24:MI:SS'));
INSERT INTO Friendships VALUES(14, 81, 'pending', TO_TIMESTAMP('2015-01-02 18:24:49', 'YYYY-MM-DD HH24:MI:SS'));
INSERT INTO Friendships VALUES(74, 88, 'pending', TO_TIMESTAMP('2014-05-19 06:25:55', 'YYYY-MM-DD HH24:MI:SS'));
INSERT INTO Friendships VALUES(43, 57, 'established', TO_TIMESTAMP('2015-08-10 22:03:45', 'YYYY-MM-DD HH24:MI:SS'));
INSERT INTO Friendships VALUES(39, 77, 'established', TO_TIMESTAMP('2014-09-04 23:54:48', 'YYYY-MM-DD HH24:MI:SS'));
INSERT INTO Friendships VALUES(44, 13, 'pending', TO_TIMESTAMP('2015-11-21 06:42:34', 'YYYY-MM-DD HH24:MI:SS'));
INSERT INTO Friendships VALUES(91, 33, 'pending', TO_TIMESTAMP('2014-08-24 23:25:14', 'YYYY-MM-DD HH24:MI:SS'));
INSERT INTO Friendships VALUES(92, 61, 'established', TO_TIMESTAMP('2014-04-13 04:55:18', 'YYYY-MM-DD HH24:MI:SS'));
INSERT INTO Friendships VALUES(89, 33, 'established', TO_TIMESTAMP('2014-10-26 07:33:11', 'YYYY-MM-DD HH24:MI:SS'));
INSERT INTO Friendships VALUES(94, 16, 'pending', TO_TIMESTAMP('2015-01-25 05:25:38', 'YYYY-MM-DD HH24:MI:SS'));
INSERT INTO Friendships VALUES(70, 79, 'pending', TO_TIMESTAMP('2015-06-27 16:24:42', 'YYYY-MM-DD HH24:MI:SS'));
INSERT INTO Friendships VALUES(98, 66, 'established', TO_TIMESTAMP('2015-11-16 01:22:11', 'YYYY-MM-DD HH24:MI:SS'));
INSERT INTO Friendships VALUES(6, 89, 'established', TO_TIMESTAMP('2015-12-10 12:52:13', 'YYYY-MM-DD HH24:MI:SS'));
INSERT INTO Friendships VALUES(41, 76, 'established', TO_TIMESTAMP('2014-08-28 09:54:16', 'YYYY-MM-DD HH24:MI:SS'));
INSERT INTO Friendships VALUES(10, 66, 'pending', TO_TIMESTAMP('2015-08-03 04:55:46', 'YYYY-MM-DD HH24:MI:SS'));
INSERT INTO Friendships VALUES(16, 28, 'established', TO_TIMESTAMP('2015-08-24 06:54:22', 'YYYY-MM-DD HH24:MI:SS'));
INSERT INTO Friendships VALUES(48, 10, 'established', TO_TIMESTAMP('2014-06-17 13:29:03', 'YYYY-MM-DD HH24:MI:SS'));
INSERT INTO Friendships VALUES(48, 84, 'established', TO_TIMESTAMP('2015-09-03 20:26:03', 'YYYY-MM-DD HH24:MI:SS'));
INSERT INTO Friendships VALUES(95, 20, 'pending', TO_TIMESTAMP('2014-01-01 14:13:57', 'YYYY-MM-DD HH24:MI:SS'));
INSERT INTO Friendships VALUES(61, 49, 'established', TO_TIMESTAMP('2014-11-28 06:13:30', 'YYYY-MM-DD HH24:MI:SS'));
INSERT INTO Friendships VALUES(23, 97, 'established', TO_TIMESTAMP('2015-05-13 09:54:33', 'YYYY-MM-DD HH24:MI:SS'));
INSERT INTO Friendships VALUES(4, 33, 'pending', TO_TIMESTAMP('2015-10-06 01:20:52', 'YYYY-MM-DD HH24:MI:SS'));
INSERT INTO Friendships VALUES(90, 84, 'established', TO_TIMESTAMP('2015-02-21 16:50:40', 'YYYY-MM-DD HH24:MI:SS'));
INSERT INTO Friendships VALUES(48, 68, 'pending', TO_TIMESTAMP('2015-07-11 05:00:18', 'YYYY-MM-DD HH24:MI:SS'));
INSERT INTO Friendships VALUES(98, 72, 'pending', TO_TIMESTAMP('2014-11-04 12:31:13', 'YYYY-MM-DD HH24:MI:SS'));
INSERT INTO Friendships VALUES(61, 42, 'pending', TO_TIMESTAMP('2015-11-29 16:46:05', 'YYYY-MM-DD HH24:MI:SS'));
INSERT INTO Friendships VALUES(92, 97, 'established', TO_TIMESTAMP('2014-06-14 16:55:51', 'YYYY-MM-DD HH24:MI:SS'));
INSERT INTO Friendships VALUES(66, 52, 'established', TO_TIMESTAMP('2014-11-25 15:31:45', 'YYYY-MM-DD HH24:MI:SS'));
INSERT INTO Friendships VALUES(41, 61, 'pending', TO_TIMESTAMP('2015-08-19 14:54:31', 'YYYY-MM-DD HH24:MI:SS'));
INSERT INTO Friendships VALUES(16, 48, 'pending', TO_TIMESTAMP('2015-03-03 12:29:58', 'YYYY-MM-DD HH24:MI:SS'));
INSERT INTO Friendships VALUES(29, 82, 'established', TO_TIMESTAMP('2015-11-29 12:48:11', 'YYYY-MM-DD HH24:MI:SS'));
INSERT INTO Friendships VALUES(37, 79, 'pending', TO_TIMESTAMP('2015-10-13 16:02:15', 'YYYY-MM-DD HH24:MI:SS'));
INSERT INTO Friendships VALUES(51, 41, 'pending', TO_TIMESTAMP('2014-10-23 02:23:13', 'YYYY-MM-DD HH24:MI:SS'));
INSERT INTO Friendships VALUES(86, 21, 'established', TO_TIMESTAMP('2014-02-05 18:04:10', 'YYYY-MM-DD HH24:MI:SS'));
INSERT INTO Friendships VALUES(61, 27, 'pending', TO_TIMESTAMP('2015-05-26 12:10:10', 'YYYY-MM-DD HH24:MI:SS'));
INSERT INTO Friendships VALUES(9, 10, 'pending', TO_TIMESTAMP('2015-07-20 08:46:24', 'YYYY-MM-DD HH24:MI:SS'));
INSERT INTO Friendships VALUES(18, 76, 'pending', TO_TIMESTAMP('2014-02-02 21:19:50', 'YYYY-MM-DD HH24:MI:SS'));
INSERT INTO Friendships VALUES(36, 35, 'established', TO_TIMESTAMP('2014-04-27 02:02:32', 'YYYY-MM-DD HH24:MI:SS'));
INSERT INTO Friendships VALUES(51, 90, 'pending', TO_TIMESTAMP('2015-08-07 23:14:39', 'YYYY-MM-DD HH24:MI:SS'));
INSERT INTO Friendships VALUES(47, 90, 'pending', TO_TIMESTAMP('2014-02-19 16:56:35', 'YYYY-MM-DD HH24:MI:SS'));
INSERT INTO Friendships VALUES(37, 42, 'established', TO_TIMESTAMP('2014-09-30 12:15:23', 'YYYY-MM-DD HH24:MI:SS'));
INSERT INTO Friendships VALUES(6, 92, 'pending', TO_TIMESTAMP('2015-05-05 19:34:25', 'YYYY-MM-DD HH24:MI:SS'));
INSERT INTO Friendships VALUES(65, 28, 'established', TO_TIMESTAMP('2014-03-18 07:03:37', 'YYYY-MM-DD HH24:MI:SS'));
INSERT INTO Friendships VALUES(34, 32, 'pending', TO_TIMESTAMP('2015-09-08 09:29:58', 'YYYY-MM-DD HH24:MI:SS'));
INSERT INTO Friendships VALUES(23, 10, 'pending', TO_TIMESTAMP('2014-01-07 05:07:01', 'YYYY-MM-DD HH24:MI:SS'));
INSERT INTO Friendships VALUES(43, 35, 'established', TO_TIMESTAMP('2014-02-23 10:16:42', 'YYYY-MM-DD HH24:MI:SS'));
INSERT INTO Friendships VALUES(71, 39, 'established', TO_TIMESTAMP('2014-08-15 20:29:03', 'YYYY-MM-DD HH24:MI:SS'));
INSERT INTO Friendships VALUES(49, 64, 'established', TO_TIMESTAMP('2014-07-26 11:04:22', 'YYYY-MM-DD HH24:MI:SS'));
INSERT INTO Friendships VALUES(64, 22, 'established', TO_TIMESTAMP('2015-10-02 15:19:50', 'YYYY-MM-DD HH24:MI:SS'));
INSERT INTO Friendships VALUES(51, 35, 'pending', TO_TIMESTAMP('2014-02-18 07:00:50', 'YYYY-MM-DD HH24:MI:SS'));
INSERT INTO Friendships VALUES(44, 33, 'established', TO_TIMESTAMP('2015-04-23 17:01:27', 'YYYY-MM-DD HH24:MI:SS'));
INSERT INTO Friendships VALUES(24, 81, 'pending', TO_TIMESTAMP('2015-07-08 01:26:58', 'YYYY-MM-DD HH24:MI:SS'));
INSERT INTO Friendships VALUES(84, 7, 'pending', TO_TIMESTAMP('2014-02-18 06:34:46', 'YYYY-MM-DD HH24:MI:SS'));
INSERT INTO Friendships VALUES(24, 25, 'established', TO_TIMESTAMP('2015-11-01 12:10:14', 'YYYY-MM-DD HH24:MI:SS'));
INSERT INTO Friendships VALUES(60, 17, 'pending', TO_TIMESTAMP('2014-06-15 01:36:10', 'YYYY-MM-DD HH24:MI:SS'));
INSERT INTO Friendships VALUES(21, 31, 'established', TO_TIMESTAMP('2014-03-15 07:17:02', 'YYYY-MM-DD HH24:MI:SS'));
INSERT INTO Friendships VALUES(3, 7, 'pending', TO_TIMESTAMP('2015-10-17 11:17:13', 'YYYY-MM-DD HH24:MI:SS'));
INSERT INTO Friendships VALUES(84, 92, 'pending', TO_TIMESTAMP('2015-05-12 03:53:41', 'YYYY-MM-DD HH24:MI:SS'));
INSERT INTO Friendships VALUES(1, 92, 'pending', TO_TIMESTAMP('2015-09-11 12:32:11', 'YYYY-MM-DD HH24:MI:SS'));

--Groups insert
INSERT INTO Groups VALUES(1, 'FancyGroup', 'This Group is very fancy.', 50);
INSERT INTO Groups VALUES(2, 'WowGroup', 'Everybody in this group says wow.', 70);
INSERT INTO Groups VALUES(3, 'Googlers', 'Every member loves Google.', 30);
INSERT INTO Groups VALUES(4, 'Database Management', 'Everyone takes Database Management class.', 20);
INSERT INTO Groups VALUES(5, 'Knights', 'Received knight title from Queen Elizabeth.', 5);
INSERT INTO Groups VALUES(6, 'Disney Princess', 'Each member sings Disney song for his or her living.', 12);
INSERT INTO Groups VALUES(7, 'Super Moms', 'Each member has ten children.', 4);
INSERT INTO Groups VALUES(8, 'Apostles', 'Every member is baptized.', 60);
INSERT INTO Groups VALUES(9, 'Avengers', 'You know who they are.', 10);
INSERT INTO Groups VALUES(10, 'Fellowship of the ring', 'refer back to your childhood.', 12);

-- Messages insert
-- Users do not need to be friends to message each other
-- A user does not need to be in the group they message
-- Messages longer than 100 chars will be cut off, based of datatype char limit
INSERT INTO Messages VALUES(1, 1, 2, NULL, NULL, 'Happy', 'I am feeling great!', TO_TIMESTAMP('2015-01-09 04:32:41', 'YYYY-MM-DD HH24:MI:SS'));
INSERT INTO Messages VALUES(2, 1, 3, NULL, NULL, 'Plans?', 'What are your plans?', TO_TIMESTAMP('2015-01-09 05:53:08', 'YYYY-MM-DD HH24:MI:SS'));
INSERT INTO Messages VALUES(3, 2, NULL, 3, NULL, 'Ideas', 'Anyone got new ideas?', TO_TIMESTAMP('2015-01-12 03:53:19', 'YYYY-MM-DD HH24:MI:SS'));
INSERT INTO Messages VALUES(4, 2, 1, NULL, 1, 'Happy', 'That is great!', TO_TIMESTAMP('2015-01-13 01:23:14', 'YYYY-MM-DD HH24:MI:SS'));
INSERT INTO Messages VALUES(5, 3, NULL, 10, NULL, 'Fav Character?', 'New poll posted on fav characters!', TO_TIMESTAMP('2015-01-13 02:05:04', 'YYYY-MM-DD HH24:MI:SS'));
INSERT INTO Messages VALUES(6, 3, 1, NULL, 2, 'Plans?', 'Nothing!', TO_TIMESTAMP('2015-01-13 03:32:11', 'YYYY-MM-DD HH24:MI:SS'));
INSERT INTO Messages VALUES(7, 4, 10, NULL, NULL, 'Happy Birthday', 'Hope you enjoy your day!', TO_TIMESTAMP('2015-01-15 12:50:00', 'YYYY-MM-DD HH24:MI:SS'));
INSERT INTO Messages VALUES(8, 10, 4, NULL, 7, 'Thanks', 'Thank you!', TO_TIMESTAMP('2015-01-16 00:23:14', 'YYYY-MM-DD HH24:MI:SS'));
INSERT INTO Messages VALUES(9, 9, NULL, 5, NULL, 'Events', 'Any dinners this week?', TO_TIMESTAMP('2015-01-20 14:08:45', 'YYYY-MM-DD HH24:MI:SS'));
INSERT INTO Messages VALUES(10, 44, 42, NULL, NULL, 'Class', 'Do you have the notes?', TO_TIMESTAMP('2015-01-25 17:34:12', 'YYYY-MM-DD HH24:MI:SS'));
INSERT INTO Messages VALUES(11, 27, NULL, 9, NULL, 'Iron Man', 'Catch the new movie?', TO_TIMESTAMP('2015-01-21 3:06:22', 'YYYY-MM-DD HH24:MI:SS'));
INSERT INTO Messages VALUES(12, 15, NULL, 7, NULL, 'Announcement', 'Meeting cancelled this week.', TO_TIMESTAMP('2015-01-22 13:21:09', 'YYYY-MM-DD HH24:MI:SS'));
INSERT INTO Messages VALUES(13, 42, 44, NULL, 10, 'Notes', 'Yea, ill send them to you', TO_TIMESTAMP('2015-01-23 20:32:11', 'YYYY-MM-DD HH24:MI:SS'));
INSERT INTO Messages VALUES(14, 49, 62, NULL, NULL, 'Sup', 'Hey man, whats up?', TO_TIMESTAMP('2015-01-24 04:12:49', 'YYYY-MM-DD HH24:MI:SS'));
INSERT INTO Messages VALUES(15, 4, 9, NULL, NULL, 'Easter plans', 'We should start preppeing', TO_TIMESTAMP('2015-01-24 05:13:10', 'YYYY-MM-DD HH24:MI:SS'));
INSERT INTO Messages VALUES(16, 79, 35, NULL, NULL, 'Moving', 'Can you help me move?', TO_TIMESTAMP('2015-02-01 08:14:59', 'YYYY-MM-DD HH24:MI:SS'));
INSERT INTO Messages VALUES(17, 26, 61, NULL, NULL, 'Cooking' , 'Can you help me learn to cook?', TO_TIMESTAMP('2015-02-01 09:13:03', 'YYYY-MM-DD HH24:MI:SS'));
INSERT INTO Messages VALUES(18, 35, 79, NULL, 16, 'Moving', 'Sure! when?', TO_TIMESTAMP('2015-02-01 11:04:21', 'YYYY-MM-DD HH24:MI:SS'));
INSERT INTO Messages VALUES(19, 46, NULL, 8, NULL, 'Church', 'Special event at church today!', TO_TIMESTAMP('2015-02-02 09:30:21', 'YYYY-MM-DD HH24:MI:SS'));
INSERT INTO Messages VALUES(20, 3, 85, NULL, NULL, 'Movies', 'What you wanna watch?', TO_TIMESTAMP('2015-02-02 11:45:08', 'YYYY-MM-DD HH24:MI:SS'));
INSERT INTO Messages VALUES(21, 75, 11, NULL, NULL, 'Camping', 'When should we go?', TO_TIMESTAMP('2015-02-02 09:32:54', 'YYYY-MM-DD HH24:MI:SS'));
INSERT INTO Messages VALUES(22, 85, 3, NULL, 20, 'Movies', 'What do they have open this week?', TO_TIMESTAMP('2015-02-02 10:43:09', 'YYYY-MM-DD HH24:MI:SS'));
INSERT INTO Messages VALUES(23, 80, 22, NULL, NULL, 'Econ', 'You going to class today?', TO_TIMESTAMP('2015-02-02 11:10:03', 'YYYY-MM-DD HH24:MI:SS'));
INSERT INTO Messages VALUES(24, 48, 50, NULL, NULL, 'Math', 'Do you know probelm 5?', TO_TIMESTAMP('2015-02-02 12:33:13', 'YYYY-MM-DD HH24:MI:SS'));
INSERT INTO Messages VALUES(25, 68, 66, NULL, NULL, 'Dinner', 'Are we still on or rescheduling?', TO_TIMESTAMP('2015-02-02 11:10:03', 'YYYY-MM-DD HH24:MI:SS'));
INSERT INTO Messages VALUES(26, 56, NULL, 6, NULL, 'Meeting', 'We need to meet soon!', TO_TIMESTAMP('2015-03-21 2:11:45', 'YYYY-MM-DD HH24:MI:SS'));
INSERT INTO Messages VALUES(27, 96, 24, NULL, NULL, 'Pool', 'We going swimming?', TO_TIMESTAMP('2015-03-22 12:04:43', 'YYYY-MM-DD HH24:MI:SS'));
INSERT INTO Messages VALUES(28, 50, 48, NULL, 24, 'Math', 'No, but I do not', TO_TIMESTAMP('2015-02-03 14:09:55', 'YYYY-MM-DD HH24:MI:SS'));
INSERT INTO Messages VALUES(29, 79, 27, NULL, NULL, 'School', 'Let teacher know I cannot make it', TO_TIMESTAMP('2015-02-04 08:09:22', 'YYYY-MM-DD HH24:MI:SS'));
INSERT INTO Messages VALUES(30, 96, 16, NULL, NULL, 'Party', 'My place at 8', TO_TIMESTAMP('2015-02-04 11:10:03', 'YYYY-MM-DD HH24:MI:SS'));
INSERT INTO Messages VALUES(31, 61, 31, NULL, NULL, 'Show', 'Come to my play tn!', TO_TIMESTAMP('2015-02-04 14:33:19', 'YYYY-MM-DD HH24:MI:SS'));
INSERT INTO Messages VALUES(32, 98, 52, NULL, NULL, 'Jets', 'Jets game tonight at 8pm', TO_TIMESTAMP('2015-02-04 17:44:33', 'YYYY-MM-DD HH24:MI:SS'));
INSERT INTO Messages VALUES(33, 59, NULL, 2, NULL, 'wow', 'wow', TO_TIMESTAMP('2015-02-11 09:11:23', 'YYYY-MM-DD HH24:MI:SS'));
INSERT INTO Messages VALUES(34, 6, 55, NULL, NULL, 'Fun', 'Come to my place to hang.', TO_TIMESTAMP('2015-02-11 12:30:00', 'YYYY-MM-DD HH24:MI:SS'));
INSERT INTO Messages VALUES(35, 58, 85, NULL, NULL, 'Weekend', 'Any plans Saturday?', TO_TIMESTAMP('2015-02-11 14:10:12', 'YYYY-MM-DD HH24:MI:SS'));
INSERT INTO Messages VALUES(36, 95, 86, NULL, NULL, 'Frisbee', 'Game at noon', TO_TIMESTAMP('2015-02-11 21:09:55', 'YYYY-MM-DD HH24:MI:SS'));
INSERT INTO Messages VALUES(37, 85, 58, NULL, 35, 'Weekend', 'No plans.', TO_TIMESTAMP('2015-02-12 09:11:09', 'YYYY-MM-DD HH24:MI:SS'));
INSERT INTO Messages VALUES(38, 69, 30, NULL, NULL, 'Happy', 'happy day!', TO_TIMESTAMP('2015-02-13 09:40:12', 'YYYY-MM-DD HH24:MI:SS'));
INSERT INTO Messages VALUES(39, 71, 47, NULL, NULL, 'Sad', 'sad day!', TO_TIMESTAMP('2015-02-13 22:09:23', 'YYYY-MM-DD HH24:MI:SS'));
INSERT INTO Messages VALUES(40, 15, NULL, 2, NULL, 'wow', 'wow', TO_TIMESTAMP('2015-02-13 19:12:22', 'YYYY-MM-DD HH24:MI:SS'));
INSERT INTO Messages VALUES(41, 81, 15, NULL, NULL, 'Dinner', 'Spaghetti masterpiece', TO_TIMESTAMP('2015-02-14 08:15:37', 'YYYY-MM-DD HH24:MI:SS'));
INSERT INTO Messages VALUES(42, 32, NULL, 9, NULL, 'Avengers', 'Who is the best looking?', TO_TIMESTAMP('2015-02-14 11:10:03', 'YYYY-MM-DD HH24:MI:SS'));
INSERT INTO Messages VALUES(43, 33, 80, NULL, NULL, 'Dogs', 'Lets get a puppy', TO_TIMESTAMP('2015-02-14 12:13:43', 'YYYY-MM-DD HH24:MI:SS'));
INSERT INTO Messages VALUES(44, 37, 58, NULL, NULL, 'Cats', 'Lets get a kitten', TO_TIMESTAMP('2015-02-15 14:33:12', 'YYYY-MM-DD HH24:MI:SS'));
INSERT INTO Messages VALUES(45, 64, 53, NULL, NULL, 'Birds', 'Tweet Tweet', TO_TIMESTAMP('2015-02-15 18:00:01', 'YYYY-MM-DD HH24:MI:SS'));
INSERT INTO Messages VALUES(46, 84, 85, NULL, NULL, 'Lions', 'ROOAAR!!', TO_TIMESTAMP('2015-02-16 09:11:12', 'YYYY-MM-DD HH24:MI:SS'));
INSERT INTO Messages VALUES(47, 70, 20, NULL, NULL, 'Bunnies', 'They hop!', TO_TIMESTAMP('2015-02-16 12:10:03', 'YYYY-MM-DD HH24:MI:SS'));
INSERT INTO Messages VALUES(48, 45, 29, NULL, NULL, 'Swimming', 'Scuba Steve!', TO_TIMESTAMP('2015-02-16 13:08:33', 'YYYY-MM-DD HH24:MI:SS'));
INSERT INTO Messages VALUES(49, 84, 24, NULL, NULL, 'House', 'Did you paint my room?', TO_TIMESTAMP('2015-02-16 14:33:46', 'YYYY-MM-DD HH24:MI:SS'));
INSERT INTO Messages VALUES(50, 95, NULL, 7, NULL, 'Contest', 'Most super mom constest cancelled', TO_TIMESTAMP('2015-02-16 20:11:22', 'YYYY-MM-DD HH24:MI:SS'));
INSERT INTO Messages VALUES(51, 44, 54, NULL, NULL, 'Paypal', 'You got money?', TO_TIMESTAMP('2015-02-16 21:43:00', 'YYYY-MM-DD HH24:MI:SS'));
INSERT INTO Messages VALUES(52, 70, 26, NULL, NULL, 'Swing', 'Wanna go swinging?', TO_TIMESTAMP('2015-02-17 03:21:12', 'YYYY-MM-DD HH24:MI:SS'));
INSERT INTO Messages VALUES(53, 34, 48, NULL, NULL, 'ABC', 'Easy as 1 2 3', TO_TIMESTAMP('2015-02-17 11:10:03', 'YYYY-MM-DD HH24:MI:SS'));
INSERT INTO Messages VALUES(54, 8, 69, NULL, NULL, 'Easy Come', 'Easy go, little high little low', TO_TIMESTAMP('2015-02-17 14:11:34', 'YYYY-MM-DD HH24:MI:SS'));
INSERT INTO Messages VALUES(55, 88, 17, NULL, NULL, 'BBQ', 'Come by Sunday at noon', TO_TIMESTAMP('2015-02-17 16:54:23', 'YYYY-MM-DD HH24:MI:SS'));
INSERT INTO Messages VALUES(56, 36, 40, NULL, NULL, 'Shower', 'you need to clean more often', TO_TIMESTAMP('2015-02-17 19:09:40', 'YYYY-MM-DD HH24:MI:SS'));
INSERT INTO Messages VALUES(57, 78, 22, NULL, NULL, 'Dinner', 'We eating, come join us.', TO_TIMESTAMP('2015-02-18 05:09:20', 'YYYY-MM-DD HH24:MI:SS'));
INSERT INTO Messages VALUES(58, 59, 11, NULL, NULL, 'Sheeple', 'Wake up people', TO_TIMESTAMP('2015-02-02 11:10:03', 'YYYY-MM-DD HH24:MI:SS'));
INSERT INTO Messages VALUES(59, 9, 38, NULL, NULL, 'Printer', 'Hi, my printer is broken.', TO_TIMESTAMP('2015-02-02 11:10:03', 'YYYY-MM-DD HH24:MI:SS'));
INSERT INTO Messages VALUES(60, 24, 24, NULL, NULL, 'Chance', 'Hi is a good rapper', TO_TIMESTAMP('2015-02-02 11:10:03', 'YYYY-MM-DD HH24:MI:SS'));
INSERT INTO Messages VALUES(61, 55, 66, NULL, NULL, 'Raffle', 'Office raffle this week', TO_TIMESTAMP('2015-02-02 11:10:03', 'YYYY-MM-DD HH24:MI:SS'));
INSERT INTO Messages VALUES(62, 75, 96, NULL, NULL, 'Sticker', 'Bring home stickers', TO_TIMESTAMP('2015-02-02 11:10:03', 'YYYY-MM-DD HH24:MI:SS'));
INSERT INTO Messages VALUES(63, 12, 60, NULL, NULL, 'Office', 'Come to my office at 3pm', TO_TIMESTAMP('2015-02-02 11:10:03', 'YYYY-MM-DD HH24:MI:SS'));
INSERT INTO Messages VALUES(64, 58, 100, NULL, NULL, 'Defence', 'I need to learn martial arts', TO_TIMESTAMP('2015-02-02 11:10:03', 'YYYY-MM-DD HH24:MI:SS'));
INSERT INTO Messages VALUES(65, 23, 69, NULL, NULL, 'Verizon', 'Fios internet!', TO_TIMESTAMP('2015-02-02 11:10:03', 'YYYY-MM-DD HH24:MI:SS'));
INSERT INTO Messages VALUES(66, 80, 46, NULL, NULL, 'Comcast', 'Not as good a Verizon', TO_TIMESTAMP('2015-02-02 11:10:03', 'YYYY-MM-DD HH24:MI:SS'));
INSERT INTO Messages VALUES(67, 27, 43, NULL, NULL, 'Canada', 'What friendly people', TO_TIMESTAMP('2015-02-02 11:10:03', 'YYYY-MM-DD HH24:MI:SS'));
INSERT INTO Messages VALUES(68, 7, NULL, 6, NULL, 'Songs', 'What song do you sing?', TO_TIMESTAMP('2015-02-02 11:10:03', 'YYYY-MM-DD HH24:MI:SS'));
INSERT INTO Messages VALUES(69, 65, 100, NULL, NULL, '2016', 'Years almost over!', TO_TIMESTAMP('2015-02-02 11:10:03', 'YYYY-MM-DD HH24:MI:SS'));
INSERT INTO Messages VALUES(70, 8, 97, NULL, NULL, 'Summer', 'Any vacation plans?', TO_TIMESTAMP('2015-02-02 11:10:03', 'YYYY-MM-DD HH24:MI:SS'));
INSERT INTO Messages VALUES(71, 49, 65, NULL, NULL, 'Candy', 'We should go shopping', TO_TIMESTAMP('2015-02-02 11:10:03', 'YYYY-MM-DD HH24:MI:SS'));
INSERT INTO Messages VALUES(72, 65, 78, NULL, NULL, 'Bottle', 'Buy me some Cola', TO_TIMESTAMP('2015-02-02 11:10:03', 'YYYY-MM-DD HH24:MI:SS'));
INSERT INTO Messages VALUES(73, 77, 67, NULL, NULL, 'M.A.S.H.', 'Excellent show. you should watch.', TO_TIMESTAMP('2015-02-02 11:10:03', 'YYYY-MM-DD HH24:MI:SS'));
INSERT INTO Messages VALUES(74, 51, 11, NULL, NULL, 'Tunnels', 'I like to drive my car in the tunnel', TO_TIMESTAMP('2015-02-02 11:10:03', 'YYYY-MM-DD HH24:MI:SS'));
INSERT INTO Messages VALUES(75, 69, 79, NULL, NULL, 'Happy Birthday', 'Hope you enjoy your day!', TO_TIMESTAMP('2015-02-02 11:10:03', 'YYYY-MM-DD HH24:MI:SS'));
INSERT INTO Messages VALUES(76, 2, 15, NULL, NULL, 'Time', 'Deep man, deep', TO_TIMESTAMP('2015-02-02 11:10:03', 'YYYY-MM-DD HH24:MI:SS'));
INSERT INTO Messages VALUES(77, 48, 50, NULL, NULL, 'Halloween', 'What costume you wearing?', TO_TIMESTAMP('2015-02-02 11:10:03', 'YYYY-MM-DD HH24:MI:SS'));
INSERT INTO Messages VALUES(78, 65, 97, NULL, NULL, 'Tennis', 'Federer is #1', TO_TIMESTAMP('2015-02-02 11:10:03', 'YYYY-MM-DD HH24:MI:SS'));
INSERT INTO Messages VALUES(79, 91, 76, NULL, NULL, 'Golf', 'Tiger is #1', TO_TIMESTAMP('2015-02-02 11:10:03', 'YYYY-MM-DD HH24:MI:SS'));
INSERT INTO Messages VALUES(80, 88, 54, NULL, NULL, 'Hoops', 'MJ is #1', TO_TIMESTAMP('2015-02-02 11:10:03', 'YYYY-MM-DD HH24:MI:SS'));
INSERT INTO Messages VALUES(81, 22, 63, NULL, NULL, 'Soccer', 'Messi is #1', TO_TIMESTAMP('2015-02-02 11:10:03', 'YYYY-MM-DD HH24:MI:SS'));
INSERT INTO Messages VALUES(82, 68, 60, NULL, NULL, 'Baseball', 'Jeter is #1', TO_TIMESTAMP('2015-02-02 11:10:03', 'YYYY-MM-DD HH24:MI:SS'));
INSERT INTO Messages VALUES(83, 1, 64, NULL, NULL, 'haha', 'hahahahahahahaha', TO_TIMESTAMP('2015-02-02 11:10:03', 'YYYY-MM-DD HH24:MI:SS'));
INSERT INTO Messages VALUES(84, 52, 99, NULL, NULL, 'blah', 'blah blah blah', TO_TIMESTAMP('2015-02-02 11:10:03', 'YYYY-MM-DD HH24:MI:SS'));
INSERT INTO Messages VALUES(85, 29, 5, NULL, NULL, 'Wow', 'WOWOWOWOWOWOW', TO_TIMESTAMP('2015-02-02 11:10:03', 'YYYY-MM-DD HH24:MI:SS'));
INSERT INTO Messages VALUES(86, 36, 77, NULL, NULL, 'Tuna', 'Is a good fish', TO_TIMESTAMP('2015-02-02 11:10:03', 'YYYY-MM-DD HH24:MI:SS'));
INSERT INTO Messages VALUES(87, 47, 54, NULL, NULL, 'Happy Birthday', 'Enjoy!', TO_TIMESTAMP('2015-02-02 11:10:03', 'YYYY-MM-DD HH24:MI:SS'));
INSERT INTO Messages VALUES(88, 21, 12, NULL, NULL, 'Where?', 'Where we meeting', TO_TIMESTAMP('2015-02-02 11:10:03', 'YYYY-MM-DD HH24:MI:SS'));
INSERT INTO Messages VALUES(89, 8, 62, NULL, NULL, 'Suuuuh', 'Suuuuh dude', TO_TIMESTAMP('2015-02-02 11:10:03', 'YYYY-MM-DD HH24:MI:SS'));
INSERT INTO Messages VALUES(90, 29, 97, NULL, NULL, 'Brother', 'How are you', TO_TIMESTAMP('2015-02-02 11:10:03', 'YYYY-MM-DD HH24:MI:SS'));
INSERT INTO Messages VALUES(91, 65, 2, NULL, NULL, 'Happy', 'ewfkjew wdkjwejd', TO_TIMESTAMP('2015-02-02 11:10:03', 'YYYY-MM-DD HH24:MI:SS'));
INSERT INTO Messages VALUES(92, 65, 49, NULL, NULL, 'Sad', 'ejfkH EKFJL', TO_TIMESTAMP('2015-02-02 11:10:03', 'YYYY-MM-DD HH24:MI:SS'));
INSERT INTO Messages VALUES(93, 55, 5, NULL, NULL, 'Mad', 'FEWFEFgr', TO_TIMESTAMP('2015-02-02 11:10:03', 'YYYY-MM-DD HH24:MI:SS'));
INSERT INTO Messages VALUES(94, 28, 9, NULL, NULL, 'Glad', 'rgareagga', TO_TIMESTAMP('2015-02-02 11:10:03', 'YYYY-MM-DD HH24:MI:SS'));
INSERT INTO Messages VALUES(95, 43, 12, NULL, NULL, 'DAD', 'Howdy', TO_TIMESTAMP('2015-02-02 11:10:03', 'YYYY-MM-DD HH24:MI:SS'));
INSERT INTO Messages VALUES(96, 46, 26, NULL, NULL, 'MOM', 'Hi', TO_TIMESTAMP('2015-02-02 11:10:03', 'YYYY-MM-DD HH24:MI:SS'));
INSERT INTO Messages VALUES(97, 47, 48, NULL, NULL, 'SON', 'Bye', TO_TIMESTAMP('2015-02-02 11:10:03', 'YYYY-MM-DD HH24:MI:SS'));
INSERT INTO Messages VALUES(98, 32, 22, NULL, NULL, 'Sister', 'Hello', TO_TIMESTAMP('2015-02-02 11:10:03', 'YYYY-MM-DD HH24:MI:SS'));
INSERT INTO Messages VALUES(99, 27, 34, NULL, NULL, 'School', 'Foools', TO_TIMESTAMP('2015-02-02 11:10:03', 'YYYY-MM-DD HH24:MI:SS'));
INSERT INTO Messages VALUES(100, 63, 3, NULL, NULL, 'Work', 'Unions', TO_TIMESTAMP('2015-02-02 11:10:03', 'YYYY-MM-DD HH24:MI:SS'));
INSERT INTO Messages VALUES(101, 64, 59, NULL, NULL, 'Life', 'Challenging', TO_TIMESTAMP('2015-02-02 11:10:03', 'YYYY-MM-DD HH24:MI:SS'));
INSERT INTO Messages VALUES(102, 49, 89, NULL, NULL, 'Time', 'Deeeep', TO_TIMESTAMP('2015-02-02 11:10:03', 'YYYY-MM-DD HH24:MI:SS'));
INSERT INTO Messages VALUES(103, 49, 13, NULL, NULL, 'Eating', 'cereal', TO_TIMESTAMP('2015-02-02 11:10:03', 'YYYY-MM-DD HH24:MI:SS'));
INSERT INTO Messages VALUES(104, 75, 20, NULL, NULL, 'Dinner', 'olive garder', TO_TIMESTAMP('2015-02-02 11:10:03', 'YYYY-MM-DD HH24:MI:SS'));
INSERT INTO Messages VALUES(105, 61, 55, NULL, NULL, 'Huh?', 'foood', TO_TIMESTAMP('2015-02-02 11:10:03', 'YYYY-MM-DD HH24:MI:SS'));
INSERT INTO Messages VALUES(106, 11, 32, NULL, NULL, 'What?', 'foood', TO_TIMESTAMP('2015-02-02 11:10:03', 'YYYY-MM-DD HH24:MI:SS'));
INSERT INTO Messages VALUES(107, 16, 84, NULL, NULL, 'How?', 'foood', TO_TIMESTAMP('2015-02-02 11:10:03', 'YYYY-MM-DD HH24:MI:SS'));
INSERT INTO Messages VALUES(108, 71, 68, NULL, NULL, 'Neighbor', 'goofy', TO_TIMESTAMP('2015-02-02 11:10:03', 'YYYY-MM-DD HH24:MI:SS'));
INSERT INTO Messages VALUES(109, 72, 67, NULL, NULL, 'Simpsons', 'bart, homer', TO_TIMESTAMP('2015-02-02 11:10:03', 'YYYY-MM-DD HH24:MI:SS'));
INSERT INTO Messages VALUES(110, 95, 39, NULL, NULL, 'South park', 'NSFW', TO_TIMESTAMP('2015-02-02 11:10:03', 'YYYY-MM-DD HH24:MI:SS'));
INSERT INTO Messages VALUES(111, 15, 95, NULL, NULL, 'Family Guy', 'gets old', TO_TIMESTAMP('2015-02-02 11:10:03', 'YYYY-MM-DD HH24:MI:SS'));
INSERT INTO Messages VALUES(112, 18, 14, NULL, NULL, 'Scrubs', 'doctor humor', TO_TIMESTAMP('2015-02-02 11:10:03', 'YYYY-MM-DD HH24:MI:SS'));
INSERT INTO Messages VALUES(113, 24, 22, NULL, NULL, 'Friends', 'how do they afford to live in NYC?', TO_TIMESTAMP('2015-02-02 11:10:03', 'YYYY-MM-DD HH24:MI:SS'));
INSERT INTO Messages VALUES(114, 71, 19, NULL, NULL, 'Seinfeld', 'comedy', TO_TIMESTAMP('2015-02-02 11:10:03', 'YYYY-MM-DD HH24:MI:SS'));
INSERT INTO Messages VALUES(115, 84, 45, NULL, NULL, 'Tv Shows', 'me likey tv', TO_TIMESTAMP('2015-02-02 11:10:03', 'YYYY-MM-DD HH24:MI:SS'));
INSERT INTO Messages VALUES(116, 69, 50, NULL, NULL, 'Breaking bad', 'epic', TO_TIMESTAMP('2015-02-02 11:10:03', 'YYYY-MM-DD HH24:MI:SS'));
INSERT INTO Messages VALUES(117, 72, 62, NULL, NULL, 'Lord of the rings', 'epic!!', TO_TIMESTAMP('2015-02-02 11:10:03', 'YYYY-MM-DD HH24:MI:SS'));
INSERT INTO Messages VALUES(118, 73, 18, NULL, NULL, 'sandwiches', 'meatball', TO_TIMESTAMP('2015-02-02 11:10:03', 'YYYY-MM-DD HH24:MI:SS'));
INSERT INTO Messages VALUES(119, 21, 77, NULL, NULL, 'star wars', 'epic!', TO_TIMESTAMP('2015-02-02 11:10:03', 'YYYY-MM-DD HH24:MI:SS'));
INSERT INTO Messages VALUES(120, 49, 52, NULL, NULL, 'bubbles', 'pop', TO_TIMESTAMP('2015-02-02 11:10:03', 'YYYY-MM-DD HH24:MI:SS'));
INSERT INTO Messages VALUES(121, 55, 22, NULL, NULL, 'sponge bob', 'likes bubbles', TO_TIMESTAMP('2015-02-02 11:10:03', 'YYYY-MM-DD HH24:MI:SS'));
INSERT INTO Messages VALUES(122, 72, 20, NULL, NULL, 'patrick', 'is dumb', TO_TIMESTAMP('2015-02-02 11:10:03', 'YYYY-MM-DD HH24:MI:SS'));
INSERT INTO Messages VALUES(123, 63, 68, NULL, NULL, 'mr crabs', 'is greedy', TO_TIMESTAMP('2015-02-02 11:10:03', 'YYYY-MM-DD HH24:MI:SS'));
INSERT INTO Messages VALUES(124, 37, 26, NULL, NULL, 'sandy', 'is sandy...', TO_TIMESTAMP('2015-02-02 11:10:03', 'YYYY-MM-DD HH24:MI:SS'));
INSERT INTO Messages VALUES(125, 99, 93, NULL, NULL, 'beach', 'is sandy...', TO_TIMESTAMP('2015-02-02 11:10:03', 'YYYY-MM-DD HH24:MI:SS'));
INSERT INTO Messages VALUES(126, 3, 87, NULL, NULL, 'towel', 'helps dry', TO_TIMESTAMP('2015-02-02 11:10:03', 'YYYY-MM-DD HH24:MI:SS'));
INSERT INTO Messages VALUES(127, 52, 93, NULL, NULL, 'bathing suit', 'not sure why this is a thing', TO_TIMESTAMP('2015-02-02 11:10:03', 'YYYY-MM-DD HH24:MI:SS'));
INSERT INTO Messages VALUES(128, 50, 24, NULL, NULL, 'sunscreen', 'burns', TO_TIMESTAMP('2015-02-02 11:10:03', 'YYYY-MM-DD HH24:MI:SS'));
INSERT INTO Messages VALUES(129, 97, 75, NULL, NULL, 'tea', 'hot', TO_TIMESTAMP('2015-02-02 11:10:03', 'YYYY-MM-DD HH24:MI:SS'));
INSERT INTO Messages VALUES(130, 93, 40, NULL, NULL, 'coffee', 'hotter', TO_TIMESTAMP('2015-02-02 11:10:03', 'YYYY-MM-DD HH24:MI:SS'));
INSERT INTO Messages VALUES(131, 6, 52, NULL, NULL, 'honey', 'sweet', TO_TIMESTAMP('2015-02-02 11:10:03', 'YYYY-MM-DD HH24:MI:SS'));
INSERT INTO Messages VALUES(132, 73, 98, NULL, NULL, 'sugar', 'sweeter', TO_TIMESTAMP('2015-02-02 11:10:03', 'YYYY-MM-DD HH24:MI:SS'));
INSERT INTO Messages VALUES(133, 32, 19, NULL, NULL, 'milk', '2%', TO_TIMESTAMP('2015-02-02 11:10:03', 'YYYY-MM-DD HH24:MI:SS'));
INSERT INTO Messages VALUES(134, 31, 46, NULL, NULL, 'eggs', 'scrambled', TO_TIMESTAMP('2015-02-02 11:10:03', 'YYYY-MM-DD HH24:MI:SS'));
INSERT INTO Messages VALUES(135, 15, 47, NULL, NULL, 'meat', 'chopped', TO_TIMESTAMP('2015-02-02 11:10:03', 'YYYY-MM-DD HH24:MI:SS'));
INSERT INTO Messages VALUES(136, 57, 33, NULL, NULL, 'protein', 'milk shake', TO_TIMESTAMP('2015-02-02 11:10:03', 'YYYY-MM-DD HH24:MI:SS'));
INSERT INTO Messages VALUES(137, 55, 47, NULL, NULL, 'carbs', 'food', TO_TIMESTAMP('2015-02-02 11:10:03', 'YYYY-MM-DD HH24:MI:SS'));
INSERT INTO Messages VALUES(138, 65, 10, NULL, NULL, 'fats', 'oils', TO_TIMESTAMP('2015-02-02 11:10:03', 'YYYY-MM-DD HH24:MI:SS'));
INSERT INTO Messages VALUES(139, 41, 55, NULL, NULL, 'The wire', 'epic!!!', TO_TIMESTAMP('2015-02-02 11:10:03', 'YYYY-MM-DD HH24:MI:SS'));
INSERT INTO Messages VALUES(140, 87, 28, NULL, NULL, 'Sopronos', 'epic!!', TO_TIMESTAMP('2015-02-02 11:10:03', 'YYYY-MM-DD HH24:MI:SS'));
INSERT INTO Messages VALUES(141, 5, 29, NULL, NULL, 'Scrable', 'words', TO_TIMESTAMP('2015-02-02 11:10:03', 'YYYY-MM-DD HH24:MI:SS'));
INSERT INTO Messages VALUES(142, 86, 25, NULL, NULL, 'words', 'letters', TO_TIMESTAMP('2015-02-02 11:10:03', 'YYYY-MM-DD HH24:MI:SS'));
INSERT INTO Messages VALUES(143, 2, 39, NULL, NULL, 'letters', 'writing', TO_TIMESTAMP('2015-02-02 11:10:03', 'YYYY-MM-DD HH24:MI:SS'));
INSERT INTO Messages VALUES(144, 35, 5, NULL, NULL, 'writing', 'books', TO_TIMESTAMP('2015-02-02 11:10:03', 'YYYY-MM-DD HH24:MI:SS'));
INSERT INTO Messages VALUES(145, 8, 85, NULL, NULL, 'books', 'stories', TO_TIMESTAMP('2015-02-02 11:10:03', 'YYYY-MM-DD HH24:MI:SS'));
INSERT INTO Messages VALUES(146, 15, 83, NULL, NULL, 'stories', 'adventures', TO_TIMESTAMP('2015-02-02 11:10:03', 'YYYY-MM-DD HH24:MI:SS'));
INSERT INTO Messages VALUES(147, 62, 60, NULL, NULL, 'adventures', 'danger', TO_TIMESTAMP('2015-02-02 11:10:03', 'YYYY-MM-DD HH24:MI:SS'));
INSERT INTO Messages VALUES(148, 71, 45, NULL, NULL, 'danger', 'hero', TO_TIMESTAMP('2015-02-02 11:10:03', 'YYYY-MM-DD HH24:MI:SS'));
INSERT INTO Messages VALUES(149, 12, 100, NULL, NULL, 'hero', 'villain', TO_TIMESTAMP('2015-02-02 11:10:03', 'YYYY-MM-DD HH24:MI:SS'));
INSERT INTO Messages VALUES(150, 21, 52, NULL, NULL, 'villain', 'evil', TO_TIMESTAMP('2015-02-02 11:10:03', 'YYYY-MM-DD HH24:MI:SS'));
INSERT INTO Messages VALUES(151, 65, 46, NULL, NULL, 'evil', 'darkness', TO_TIMESTAMP('2015-02-02 11:10:03', 'YYYY-MM-DD HH24:MI:SS'));
INSERT INTO Messages VALUES(152, 4, 3, NULL, NULL, 'darkness', 'horror', TO_TIMESTAMP('2015-02-02 11:10:03', 'YYYY-MM-DD HH24:MI:SS'));
INSERT INTO Messages VALUES(153, 15, 94, NULL, NULL, 'horror', 'joy', TO_TIMESTAMP('2015-02-02 11:10:03', 'YYYY-MM-DD HH24:MI:SS'));
INSERT INTO Messages VALUES(154, 24, 88, NULL, NULL, 'joy', 'happy', TO_TIMESTAMP('2015-02-02 11:10:03', 'YYYY-MM-DD HH24:MI:SS'));
INSERT INTO Messages VALUES(155, 35, 41, NULL, NULL, 'Stark', 'Ned', TO_TIMESTAMP('2015-02-02 11:10:03', 'YYYY-MM-DD HH24:MI:SS'));
INSERT INTO Messages VALUES(156, 81, 13, NULL, NULL, 'Snow', 'Jon', TO_TIMESTAMP('2015-02-02 11:10:03', 'YYYY-MM-DD HH24:MI:SS'));
INSERT INTO Messages VALUES(157, 41, 88, NULL, NULL, 'Lannister', 'Tywin', TO_TIMESTAMP('2015-02-02 11:10:03', 'YYYY-MM-DD HH24:MI:SS'));
INSERT INTO Messages VALUES(158, 20, 98, NULL, NULL, 'Lannister', 'Tyrion', TO_TIMESTAMP('2015-02-02 11:10:03', 'YYYY-MM-DD HH24:MI:SS'));
INSERT INTO Messages VALUES(159, 16, 85, NULL, NULL, 'Buuble', 'Tea', TO_TIMESTAMP('2015-02-02 11:10:03', 'YYYY-MM-DD HH24:MI:SS'));
INSERT INTO Messages VALUES(160, 41, 57, NULL, NULL, 'Honey', 'Whoiwjdj', TO_TIMESTAMP('2015-02-02 11:10:03', 'YYYY-MM-DD HH24:MI:SS'));
INSERT INTO Messages VALUES(161, 18, 58, NULL, NULL, 'fafAESfaefe', 'fasgfaefa', TO_TIMESTAMP('2015-02-02 11:10:03', 'YYYY-MM-DD HH24:MI:SS'));
INSERT INTO Messages VALUES(162, 80, 50, NULL, NULL, 'Wow', 'Wow', TO_TIMESTAMP('2015-02-02 11:10:03', 'YYYY-MM-DD HH24:MI:SS'));
INSERT INTO Messages VALUES(163, 87, 72, NULL, NULL, 'Weekend', 'Any plans Saturday?', TO_TIMESTAMP('2015-02-02 11:10:03', 'YYYY-MM-DD HH24:MI:SS'));
INSERT INTO Messages VALUES(164, 74, 56, NULL, NULL, 'Frissbe', 'Lets frozz', TO_TIMESTAMP('2015-02-02 11:10:03', 'YYYY-MM-DD HH24:MI:SS'));
INSERT INTO Messages VALUES(165, 53, 66, NULL, NULL, 'Dinner', 'What are plans?', TO_TIMESTAMP('2015-02-02 11:10:03', 'YYYY-MM-DD HH24:MI:SS'));
INSERT INTO Messages VALUES(166, 91, 9, NULL, NULL, 'Short', 'You are short', TO_TIMESTAMP('2015-02-02 11:10:03', 'YYYY-MM-DD HH24:MI:SS'));
INSERT INTO Messages VALUES(167, 53, 59, NULL, NULL, 'Tall', 'You are tall', TO_TIMESTAMP('2015-02-02 11:10:03', 'YYYY-MM-DD HH24:MI:SS'));
INSERT INTO Messages VALUES(168, 98, 34, NULL, NULL, 'Please', 'and thank you', TO_TIMESTAMP('2015-02-02 11:10:03', 'YYYY-MM-DD HH24:MI:SS'));
INSERT INTO Messages VALUES(169, 48, 67, NULL, NULL, 'Seventeen', 'Thirty8', TO_TIMESTAMP('2015-02-02 11:10:03', 'YYYY-MM-DD HH24:MI:SS'));
INSERT INTO Messages VALUES(170, 92, 20, NULL, NULL, 'boot', 'shoes', TO_TIMESTAMP('2015-02-02 11:10:03', 'YYYY-MM-DD HH24:MI:SS'));
INSERT INTO Messages VALUES(171, 69, 81, NULL, NULL, 'toes', 'feet', TO_TIMESTAMP('2015-02-02 11:10:03', 'YYYY-MM-DD HH24:MI:SS'));
INSERT INTO Messages VALUES(172, 99, 96, NULL, NULL, 'dogs', 'puppies', TO_TIMESTAMP('2015-02-02 11:10:03', 'YYYY-MM-DD HH24:MI:SS'));
INSERT INTO Messages VALUES(173, 47, 46, NULL, NULL, 'kittens', 'cute little lions', TO_TIMESTAMP('2015-02-02 11:10:03', 'YYYY-MM-DD HH24:MI:SS'));
INSERT INTO Messages VALUES(174, 16, 65, NULL, NULL, 'Birthday', 'What we doing?', TO_TIMESTAMP('2015-02-02 11:10:03', 'YYYY-MM-DD HH24:MI:SS'));
INSERT INTO Messages VALUES(175, 43, 14, NULL, NULL, 'shower', 'its broken', TO_TIMESTAMP('2015-02-02 11:10:03', 'YYYY-MM-DD HH24:MI:SS'));
INSERT INTO Messages VALUES(176, 89, 35, NULL, NULL, 'EHarmony', 'Doesnt work', TO_TIMESTAMP('2015-02-02 11:10:03', 'YYYY-MM-DD HH24:MI:SS'));
INSERT INTO Messages VALUES(177, 4, 76, NULL, NULL, 'Cars', 'lets go shopping', TO_TIMESTAMP('2015-02-02 11:10:03', 'YYYY-MM-DD HH24:MI:SS'));
INSERT INTO Messages VALUES(178, 88, 32, NULL, NULL, 'Hearts', 'beating', TO_TIMESTAMP('2015-02-02 11:10:03', 'YYYY-MM-DD HH24:MI:SS'));
INSERT INTO Messages VALUES(179, 47, 28, NULL, NULL, 'lungs', 'breathing', TO_TIMESTAMP('2015-02-02 11:10:03', 'YYYY-MM-DD HH24:MI:SS'));
INSERT INTO Messages VALUES(180, 43, 15, NULL, NULL, 'arms', 'waiving', TO_TIMESTAMP('2015-02-02 11:10:03', 'YYYY-MM-DD HH24:MI:SS'));
INSERT INTO Messages VALUES(181, 37, 3, NULL, NULL, 'legs', 'walking', TO_TIMESTAMP('2015-02-02 11:10:03', 'YYYY-MM-DD HH24:MI:SS'));
INSERT INTO Messages VALUES(182, 9, 26, NULL, NULL, 'head', 'thinking', TO_TIMESTAMP('2015-02-02 11:10:03', 'YYYY-MM-DD HH24:MI:SS'));
INSERT INTO Messages VALUES(183, 4, 58, NULL, NULL, 'eyes', 'seeing', TO_TIMESTAMP('2015-02-02 11:10:03', 'YYYY-MM-DD HH24:MI:SS'));
INSERT INTO Messages VALUES(184, 71, 69, NULL, NULL, 'nose', 'smelling', TO_TIMESTAMP('2015-02-02 11:10:03', 'YYYY-MM-DD HH24:MI:SS'));
INSERT INTO Messages VALUES(185, 75, 2, NULL, NULL, 'shoulders', 'shrugging', TO_TIMESTAMP('2015-02-02 11:10:03', 'YYYY-MM-DD HH24:MI:SS'));
INSERT INTO Messages VALUES(186, 66, 42, NULL, NULL, 'body', 'building', TO_TIMESTAMP('2015-02-02 11:10:03', 'YYYY-MM-DD HH24:MI:SS'));
INSERT INTO Messages VALUES(187, 74, 15, NULL, NULL, 'smelly', 'that smellly smell', TO_TIMESTAMP('2015-02-02 11:10:03', 'YYYY-MM-DD HH24:MI:SS'));
INSERT INTO Messages VALUES(188, 13, 88, NULL, NULL, 'smell-less', 'I cant smell', TO_TIMESTAMP('2015-02-02 11:10:03', 'YYYY-MM-DD HH24:MI:SS'));
INSERT INTO Messages VALUES(189, 7, 72, NULL, NULL, 'Food', 'delicious', TO_TIMESTAMP('2015-02-02 11:10:03', 'YYYY-MM-DD HH24:MI:SS'));
INSERT INTO Messages VALUES(190, 34, 54, NULL, NULL, 'Gossip', 'is bad', TO_TIMESTAMP('2015-02-02 11:10:03', 'YYYY-MM-DD HH24:MI:SS'));
INSERT INTO Messages VALUES(191, 42, 3, NULL, NULL, 'Toilet', 'paper is good', TO_TIMESTAMP('2015-02-02 11:10:03', 'YYYY-MM-DD HH24:MI:SS'));
INSERT INTO Messages VALUES(192, 48, 8, NULL, NULL, 'water', 'water is pure', TO_TIMESTAMP('2015-02-02 11:10:03', 'YYYY-MM-DD HH24:MI:SS'));
INSERT INTO Messages VALUES(193, 69, 86, NULL, NULL, 'wine', 'wine is sweet', TO_TIMESTAMP('2015-02-02 11:10:03', 'YYYY-MM-DD HH24:MI:SS'));
INSERT INTO Messages VALUES(194, 56, 62, NULL, NULL, 'beer', 'bitter', TO_TIMESTAMP('2015-02-02 11:10:03', 'YYYY-MM-DD HH24:MI:SS'));
INSERT INTO Messages VALUES(195, 99, 70, NULL, NULL, 'drinks', 'drank', TO_TIMESTAMP('2015-02-02 11:10:03', 'YYYY-MM-DD HH24:MI:SS'));
INSERT INTO Messages VALUES(196, 79, 2, NULL, NULL, 'tuna', 'sandwich', TO_TIMESTAMP('2015-02-02 11:10:03', 'YYYY-MM-DD HH24:MI:SS'));
INSERT INTO Messages VALUES(197, 54, 34, NULL, NULL, 'salade', 'healthy', TO_TIMESTAMP('2015-02-02 11:10:03', 'YYYY-MM-DD HH24:MI:SS'));
INSERT INTO Messages VALUES(198, 36, 84, NULL, NULL, 'shwooop', 'shwooop!', TO_TIMESTAMP('2015-02-02 11:10:03', 'YYYY-MM-DD HH24:MI:SS'));
INSERT INTO Messages VALUES(199, 65, 6, NULL, NULL, 'Flat', 'Flat tire', TO_TIMESTAMP('2015-02-02 11:10:03', 'YYYY-MM-DD HH24:MI:SS'));
INSERT INTO Messages VALUES(200, 19, 81, NULL, NULL, 'ball', 'deflated ball', TO_TIMESTAMP('2015-02-02 11:10:03', 'YYYY-MM-DD HH24:MI:SS'));
INSERT INTO Messages VALUES(201, 35, 15, NULL, NULL, 'First', 'number one', TO_TIMESTAMP('2015-02-02 11:10:03', 'YYYY-MM-DD HH24:MI:SS'));
INSERT INTO Messages VALUES(202, 49, 80, NULL, NULL, 'Second', 'number two', TO_TIMESTAMP('2015-02-02 11:10:03', 'YYYY-MM-DD HH24:MI:SS'));
INSERT INTO Messages VALUES(203, 40, 76, NULL, NULL, 'Third', 'number three', TO_TIMESTAMP('2015-02-02 11:10:03', 'YYYY-MM-DD HH24:MI:SS'));
INSERT INTO Messages VALUES(204, 15, 62, NULL, NULL, 'Fourth', 'number 4', TO_TIMESTAMP('2015-02-02 11:10:03', 'YYYY-MM-DD HH24:MI:SS'));
INSERT INTO Messages VALUES(205, 1, 16, NULL, NULL, 'Fifth', 'number 5', TO_TIMESTAMP('2015-02-02 11:10:03', 'YYYY-MM-DD HH24:MI:SS'));
INSERT INTO Messages VALUES(206, 63, 66, NULL, NULL, 'Six', 'number 6', TO_TIMESTAMP('2015-02-02 11:10:03', 'YYYY-MM-DD HH24:MI:SS'));
INSERT INTO Messages VALUES(207, 6, 19, NULL, NULL, 'Seven', '777', TO_TIMESTAMP('2015-02-02 11:10:03', 'YYYY-MM-DD HH24:MI:SS'));
INSERT INTO Messages VALUES(208, 17, 29, NULL, NULL, '8', 'eight', TO_TIMESTAMP('2015-02-02 11:10:03', 'YYYY-MM-DD HH24:MI:SS'));
INSERT INTO Messages VALUES(209, 48, 59, NULL, NULL, '9', 'nine', TO_TIMESTAMP('2015-02-02 11:10:03', 'YYYY-MM-DD HH24:MI:SS'));
INSERT INTO Messages VALUES(210, 12, 86, NULL, NULL, '10', 'ten', TO_TIMESTAMP('2015-02-02 11:10:03', 'YYYY-MM-DD HH24:MI:SS'));
INSERT INTO Messages VALUES(211, 50, 39, NULL, NULL, '11', 'eleven', TO_TIMESTAMP('2015-02-02 11:10:03', 'YYYY-MM-DD HH24:MI:SS'));
INSERT INTO Messages VALUES(212, 64, 36, NULL, NULL, '12', 'twelve', TO_TIMESTAMP('2015-02-02 11:10:03', 'YYYY-MM-DD HH24:MI:SS'));
INSERT INTO Messages VALUES(213, 27, 67, NULL, NULL, 'Happy', 'Happy days!', TO_TIMESTAMP('2015-02-02 11:10:03', 'YYYY-MM-DD HH24:MI:SS'));
INSERT INTO Messages VALUES(214, 48, 47, NULL, NULL, 'Today', 'today is a good day', TO_TIMESTAMP('2015-02-02 11:10:03', 'YYYY-MM-DD HH24:MI:SS'));
INSERT INTO Messages VALUES(215, 93, 23, NULL, NULL, 'Eating', 'I am eating an apple', TO_TIMESTAMP('2015-02-02 11:10:03', 'YYYY-MM-DD HH24:MI:SS'));
INSERT INTO Messages VALUES(216, 54, 94, NULL, NULL, 'Apple', 'apples are delicious', TO_TIMESTAMP('2015-02-02 11:10:03', 'YYYY-MM-DD HH24:MI:SS'));
INSERT INTO Messages VALUES(217, 68, 75, NULL, NULL, 'Orange', 'Tyrells fav color', TO_TIMESTAMP('2015-02-02 11:10:03', 'YYYY-MM-DD HH24:MI:SS'));
INSERT INTO Messages VALUES(218, 58, 12, NULL, NULL, 'Yellow', 'very bright yellow', TO_TIMESTAMP('2015-02-02 11:10:03', 'YYYY-MM-DD HH24:MI:SS'));
INSERT INTO Messages VALUES(219, 84, 80, NULL, NULL, 'Blue', 'dont be blue', TO_TIMESTAMP('2015-02-02 11:10:03', 'YYYY-MM-DD HH24:MI:SS'));
INSERT INTO Messages VALUES(220, 25, 6, NULL, NULL, 'green', 'ball landed on the green', TO_TIMESTAMP('2015-02-02 11:10:03', 'YYYY-MM-DD HH24:MI:SS'));
INSERT INTO Messages VALUES(221, 49, 23, NULL, NULL, 'painting', 'i have my brush', TO_TIMESTAMP('2015-02-02 11:10:03', 'YYYY-MM-DD HH24:MI:SS'));
INSERT INTO Messages VALUES(222, 90, 87, NULL, NULL, 'bob ross', 'is the best', TO_TIMESTAMP('2015-02-02 11:10:03', 'YYYY-MM-DD HH24:MI:SS'));
INSERT INTO Messages VALUES(223, 95, 43, NULL, NULL, 'netflix', 'is great', TO_TIMESTAMP('2015-02-02 11:10:03', 'YYYY-MM-DD HH24:MI:SS'));
INSERT INTO Messages VALUES(224, 3, 11, NULL, NULL, 'hbo', 'Game of Thrones', TO_TIMESTAMP('2015-02-02 11:10:03', 'YYYY-MM-DD HH24:MI:SS'));
INSERT INTO Messages VALUES(225, 24, 81, NULL, NULL, 'itunes', 'macs are meh', TO_TIMESTAMP('2015-02-02 11:10:03', 'YYYY-MM-DD HH24:MI:SS'));
INSERT INTO Messages VALUES(226, 55, 22, NULL, NULL, 'Hulu', 'great streaming', TO_TIMESTAMP('2015-02-02 11:10:03', 'YYYY-MM-DD HH24:MI:SS'));
INSERT INTO Messages VALUES(227, 58, 98, NULL, NULL, 'TV', 'has commercials', TO_TIMESTAMP('2015-02-02 11:10:03', 'YYYY-MM-DD HH24:MI:SS'));
INSERT INTO Messages VALUES(228, 63, 31, NULL, NULL, 'movies', 'any movies out??', TO_TIMESTAMP('2015-02-02 11:10:03', 'YYYY-MM-DD HH24:MI:SS'));
INSERT INTO Messages VALUES(229, 52, 94, NULL, NULL, 'apartment', 'Im moving soon', TO_TIMESTAMP('2015-02-02 11:10:03', 'YYYY-MM-DD HH24:MI:SS'));
INSERT INTO Messages VALUES(230, 31, 33, NULL, NULL, 'paper', 'only have paper plates', TO_TIMESTAMP('2015-02-02 11:10:03', 'YYYY-MM-DD HH24:MI:SS'));
INSERT INTO Messages VALUES(231, 23, 46, NULL, NULL, 'coffee', 'buy coffee beans', TO_TIMESTAMP('2015-02-02 11:10:03', 'YYYY-MM-DD HH24:MI:SS'));
INSERT INTO Messages VALUES(232, 68, 32, NULL, NULL, 'hi', 'how are you', TO_TIMESTAMP('2015-02-02 11:10:03', 'YYYY-MM-DD HH24:MI:SS'));
INSERT INTO Messages VALUES(233, 46, 68, NULL, NULL, 'Weekend', 'Any plans Saturday?', TO_TIMESTAMP('2015-02-02 11:10:03', 'YYYY-MM-DD HH24:MI:SS'));
INSERT INTO Messages VALUES(234, 16, 17, NULL, NULL, 'Hulu', 'great streaming', TO_TIMESTAMP('2015-02-02 11:10:03', 'YYYY-MM-DD HH24:MI:SS'));
INSERT INTO Messages VALUES(235, 33, 86, NULL, NULL, 'coffee', 'buy coffee beans', TO_TIMESTAMP('2015-02-02 11:10:03', 'YYYY-MM-DD HH24:MI:SS'));
INSERT INTO Messages VALUES(236, 54, 91, NULL, NULL, 'hi', 'how are you', TO_TIMESTAMP('2015-02-02 11:10:03', 'YYYY-MM-DD HH24:MI:SS'));
INSERT INTO Messages VALUES(237, 60, 66, NULL, NULL, 'Weekend', 'Any plans Saturday?', TO_TIMESTAMP('2015-02-02 11:10:03', 'YYYY-MM-DD HH24:MI:SS'));
INSERT INTO Messages VALUES(238, 7, 36, NULL, NULL, 'movies', 'any movies out??', TO_TIMESTAMP('2015-02-02 11:10:03', 'YYYY-MM-DD HH24:MI:SS'));
INSERT INTO Messages VALUES(239, 33, 6, NULL, NULL, 'Friends', 'how do they afford to live in NYC?', TO_TIMESTAMP('2015-02-02 11:10:03', 'YYYY-MM-DD HH24:MI:SS'));
INSERT INTO Messages VALUES(240, 74, 65, NULL, NULL, 'Dinner', 'Spaghetti masterpiece', TO_TIMESTAMP('2015-02-02 11:10:03', 'YYYY-MM-DD HH24:MI:SS'));
INSERT INTO Messages VALUES(241, 90, 59, NULL, NULL, 'Hulu', 'great streaming', TO_TIMESTAMP('2015-02-02 11:10:03', 'YYYY-MM-DD HH24:MI:SS'));
INSERT INTO Messages VALUES(242, 81, 54, NULL, NULL, 'smelly', 'that smellly smell', TO_TIMESTAMP('2015-02-02 11:10:03', 'YYYY-MM-DD HH24:MI:SS'));
INSERT INTO Messages VALUES(243, 60, 36, NULL, NULL, 'Weekend', 'Any plans Saturday?', TO_TIMESTAMP('2015-02-02 11:10:03', 'YYYY-MM-DD HH24:MI:SS'));
INSERT INTO Messages VALUES(244, 44, 1, NULL, NULL, 'hi', 'how are you', TO_TIMESTAMP('2015-02-02 11:10:03', 'YYYY-MM-DD HH24:MI:SS'));
INSERT INTO Messages VALUES(245, 37, 21, NULL, NULL, 'movies', 'any movies out??', TO_TIMESTAMP('2015-02-02 11:10:03', 'YYYY-MM-DD HH24:MI:SS'));
INSERT INTO Messages VALUES(246, 31, 64, NULL, NULL, 'Verizon', 'Fios internet!', TO_TIMESTAMP('2015-02-02 11:10:03', 'YYYY-MM-DD HH24:MI:SS'));
INSERT INTO Messages VALUES(247, 69, 19, NULL, NULL, 'Weekend', 'Any plans Saturday?', TO_TIMESTAMP('2015-02-02 11:10:03', 'YYYY-MM-DD HH24:MI:SS'));
INSERT INTO Messages VALUES(248, 60, 75, NULL, NULL, 'kittens', 'cute little lions', TO_TIMESTAMP('2015-02-02 11:10:03', 'YYYY-MM-DD HH24:MI:SS'));
INSERT INTO Messages VALUES(249, 45, 51, NULL, NULL, 'coffee', 'buy coffee beans', TO_TIMESTAMP('2015-02-02 11:10:03', 'YYYY-MM-DD HH24:MI:SS'));
INSERT INTO Messages VALUES(250, 75, 72, NULL, NULL, 'Meeting', 'We need to meet soon!', TO_TIMESTAMP('2015-02-02 11:10:03', 'YYYY-MM-DD HH24:MI:SS'));
INSERT INTO Messages VALUES(251, 41, 66, NULL, NULL, 'hi', 'how are you', TO_TIMESTAMP('2015-02-02 11:10:03', 'YYYY-MM-DD HH24:MI:SS'));
INSERT INTO Messages VALUES(252, 8, 87, NULL, NULL, 'Hulu', 'great streaming', TO_TIMESTAMP('2015-02-02 11:10:03', 'YYYY-MM-DD HH24:MI:SS'));
INSERT INTO Messages VALUES(253, 61, 99, NULL, NULL, 'Meeting', 'We need to meet soon!', TO_TIMESTAMP('2015-02-02 11:10:03', 'YYYY-MM-DD HH24:MI:SS'));
INSERT INTO Messages VALUES(254, 55, 46, NULL, NULL, 'movies', 'any movies out??', TO_TIMESTAMP('2015-02-02 11:10:03', 'YYYY-MM-DD HH24:MI:SS'));
INSERT INTO Messages VALUES(255, 67, 13, NULL, NULL, 'Camping', 'Where should we go?', TO_TIMESTAMP('2015-02-02 11:10:03', 'YYYY-MM-DD HH24:MI:SS'));
INSERT INTO Messages VALUES(256, 29, 74, NULL, NULL, 'Apple', 'apples are delicious', TO_TIMESTAMP('2015-02-02 11:10:03', 'YYYY-MM-DD HH24:MI:SS'));
INSERT INTO Messages VALUES(257, 75, 25, NULL, NULL, 'Fire', 'listen to my mixtape', TO_TIMESTAMP('2015-02-02 11:10:03', 'YYYY-MM-DD HH24:MI:SS'));
INSERT INTO Messages VALUES(258, 66, 8, NULL, NULL, 'Weekend', 'Any plans Saturday?', TO_TIMESTAMP('2015-02-02 11:10:03', 'YYYY-MM-DD HH24:MI:SS'));
INSERT INTO Messages VALUES(259, 75, 12, NULL, NULL, 'Spacejam', 'MJ + looney toons = great', TO_TIMESTAMP('2015-02-02 11:10:03', 'YYYY-MM-DD HH24:MI:SS'));
INSERT INTO Messages VALUES(260, 31, 50, NULL, NULL, 'hi', 'how are you', TO_TIMESTAMP('2015-02-02 11:10:03', 'YYYY-MM-DD HH24:MI:SS'));
INSERT INTO Messages VALUES(261, 58, 73, NULL, NULL, 'Apple', 'apples are delicious', TO_TIMESTAMP('2015-02-02 11:10:03', 'YYYY-MM-DD HH24:MI:SS'));
INSERT INTO Messages VALUES(262, 28, 59, NULL, NULL, 'orange', 'buy oranges', TO_TIMESTAMP('2015-02-02 11:10:03', 'YYYY-MM-DD HH24:MI:SS'));
INSERT INTO Messages VALUES(263, 81, 37, NULL, NULL, 'Weekend', 'Any plans Saturday?', TO_TIMESTAMP('2015-02-02 11:10:03', 'YYYY-MM-DD HH24:MI:SS'));
INSERT INTO Messages VALUES(264, 36, 2, NULL, NULL, 'computer', 'buy new PC', TO_TIMESTAMP('2015-02-02 11:10:03', 'YYYY-MM-DD HH24:MI:SS'));
INSERT INTO Messages VALUES(265, 98, 61, NULL, NULL, 'movies', 'any movies out??', TO_TIMESTAMP('2015-02-02 11:10:03', 'YYYY-MM-DD HH24:MI:SS'));
INSERT INTO Messages VALUES(266, 80, 68, NULL, NULL, 'Salmon', 'Bear food', TO_TIMESTAMP('2015-02-02 11:10:03', 'YYYY-MM-DD HH24:MI:SS'));
INSERT INTO Messages VALUES(267, 73, 45, NULL, NULL, 'coffee', 'buy coffee beans', TO_TIMESTAMP('2015-02-02 11:10:03', 'YYYY-MM-DD HH24:MI:SS'));
INSERT INTO Messages VALUES(268, 89, 12, NULL, NULL, 'Hulu', 'great streaming', TO_TIMESTAMP('2015-02-02 11:10:03', 'YYYY-MM-DD HH24:MI:SS'));
INSERT INTO Messages VALUES(269, 48, 80, NULL, NULL, 'Bagels', 'get mine with cream cheese', TO_TIMESTAMP('2015-02-02 11:10:03', 'YYYY-MM-DD HH24:MI:SS'));
INSERT INTO Messages VALUES(270, 89, 15, NULL, NULL, 'Toast', 'Not too crispy please!', TO_TIMESTAMP('2015-02-02 11:10:03', 'YYYY-MM-DD HH24:MI:SS'));
INSERT INTO Messages VALUES(271, 41, 23, NULL, NULL, 'movies', 'any movies out??', TO_TIMESTAMP('2015-02-02 11:10:03', 'YYYY-MM-DD HH24:MI:SS'));
INSERT INTO Messages VALUES(272, 58, 1, NULL, NULL, 'Weekend', 'Any plans Saturday?', TO_TIMESTAMP('2015-02-02 11:10:03', 'YYYY-MM-DD HH24:MI:SS'));
INSERT INTO Messages VALUES(273, 48, 39, NULL, NULL, 'listen', 'you need to listen to me', TO_TIMESTAMP('2015-02-02 11:10:03', 'YYYY-MM-DD HH24:MI:SS'));
INSERT INTO Messages VALUES(274, 87, 70, NULL, NULL, 'writing', 'lets do this essay', TO_TIMESTAMP('2015-02-02 11:10:03', 'YYYY-MM-DD HH24:MI:SS'));
INSERT INTO Messages VALUES(275, 16, 8, NULL, NULL, 'Camping', 'When should we go?', TO_TIMESTAMP('2015-02-02 11:10:03', 'YYYY-MM-DD HH24:MI:SS'));
INSERT INTO Messages VALUES(276, 96, 60, NULL, NULL, 'ABC', 'Easy as 1 2 3', TO_TIMESTAMP('2015-02-02 11:10:03', 'YYYY-MM-DD HH24:MI:SS'));
INSERT INTO Messages VALUES(277, 76, 79, NULL, NULL,'Weekend', 'Any plans Saturday?', TO_TIMESTAMP('2015-02-02 11:10:03', 'YYYY-MM-DD HH24:MI:SS'));
INSERT INTO Messages VALUES(278, 73, 70, NULL, NULL, 'writing', 'Im making a books', TO_TIMESTAMP('2015-02-02 11:10:03', 'YYYY-MM-DD HH24:MI:SS'));
INSERT INTO Messages VALUES(279, 47, 93, NULL, NULL, 'Canada', 'What friendly people', TO_TIMESTAMP('2015-02-02 11:10:03', 'YYYY-MM-DD HH24:MI:SS'));
INSERT INTO Messages VALUES(280, 98, 78, NULL, NULL, 'coffee', 'buy coffee beans', TO_TIMESTAMP('2015-02-02 11:10:03', 'YYYY-MM-DD HH24:MI:SS'));
INSERT INTO Messages VALUES(281, 3, 32, NULL, NULL, 'Weekend', 'Any plans Saturday?', TO_TIMESTAMP('2015-02-02 11:10:03', 'YYYY-MM-DD HH24:MI:SS'));
INSERT INTO Messages VALUES(282, 34, 29, NULL, NULL, 'kittens', 'cute little lions', TO_TIMESTAMP('2015-02-02 11:10:03', 'YYYY-MM-DD HH24:MI:SS'));
INSERT INTO Messages VALUES(283, 60, 19, NULL, NULL, 'Verizon', 'Fios internet!', TO_TIMESTAMP('2015-02-02 11:10:03', 'YYYY-MM-DD HH24:MI:SS'));
INSERT INTO Messages VALUES(284, 82, 63, NULL, NULL, 'hi', 'how are you', TO_TIMESTAMP('2015-02-02 11:10:03', 'YYYY-MM-DD HH24:MI:SS'));
INSERT INTO Messages VALUES(285, 53, 75, NULL, NULL, 'paper', 'only have paper plates', TO_TIMESTAMP('2015-02-02 11:10:03', 'YYYY-MM-DD HH24:MI:SS'));
INSERT INTO Messages VALUES(286, 54, 90, NULL, NULL, 'Weekend', 'Any plans Saturday?', TO_TIMESTAMP('2015-02-02 11:10:03', 'YYYY-MM-DD HH24:MI:SS'));
INSERT INTO Messages VALUES(287, 25, 69, NULL, NULL, 'Friends', 'how do they afford to live in NYC?', TO_TIMESTAMP('2015-02-02 11:10:03', 'YYYY-MM-DD HH24:MI:SS'));
INSERT INTO Messages VALUES(288, 63, 83, NULL, NULL, 'Hulu', 'great streaming', TO_TIMESTAMP('2015-02-02 11:10:03', 'YYYY-MM-DD HH24:MI:SS'));
INSERT INTO Messages VALUES(289, 59, 97, NULL, NULL, 'hi', 'how are you', TO_TIMESTAMP('2015-02-02 11:10:03', 'YYYY-MM-DD HH24:MI:SS'));
INSERT INTO Messages VALUES(290, 32, 79, NULL, NULL, 'smelly', 'that smellly smell', TO_TIMESTAMP('2015-02-02 11:10:03', 'YYYY-MM-DD HH24:MI:SS'));
INSERT INTO Messages VALUES(291, 71, 80, NULL, NULL, 'movies', 'any movies out??', TO_TIMESTAMP('2015-02-02 11:10:03', 'YYYY-MM-DD HH24:MI:SS'));
INSERT INTO Messages VALUES(292, 23, 85, NULL, NULL, 'Dinner', 'Spaghetti masterpiece', TO_TIMESTAMP('2015-02-02 11:10:03', 'YYYY-MM-DD HH24:MI:SS'));
INSERT INTO Messages VALUES(293, 45, 33, NULL, NULL, 'ABC', 'Easy as 1 2 3', TO_TIMESTAMP('2015-02-02 11:10:03', 'YYYY-MM-DD HH24:MI:SS'));
INSERT INTO Messages VALUES(294, 26, 62, NULL, NULL, 'Weekend', 'Any plans Saturday?', TO_TIMESTAMP('2015-02-02 11:10:03', 'YYYY-MM-DD HH24:MI:SS'));
INSERT INTO Messages VALUES(295, 9, 54, NULL, NULL, 'Friends', 'how do they afford to live in NYC?', TO_TIMESTAMP('2015-02-02 11:10:03', 'YYYY-MM-DD HH24:MI:SS'));
INSERT INTO Messages VALUES(296, 84, 87, NULL, NULL, 'Hulu', 'great streaming', TO_TIMESTAMP('2015-02-02 11:10:03', 'YYYY-MM-DD HH24:MI:SS'));
INSERT INTO Messages VALUES(297, 6, 77, NULL, NULL, 'hi', 'how are you', TO_TIMESTAMP('2015-02-02 11:10:03', 'YYYY-MM-DD HH24:MI:SS'));
INSERT INTO Messages VALUES(298, 18, 87, NULL, NULL, 'coffee', 'buy coffee beans', TO_TIMESTAMP('2015-02-02 11:10:03', 'YYYY-MM-DD HH24:MI:SS'));
INSERT INTO Messages VALUES(299, 71, 63, NULL, NULL, 'Apple', 'apples are delicious', TO_TIMESTAMP('2015-02-02 11:10:03', 'YYYY-MM-DD HH24:MI:SS'));
INSERT INTO Messages VALUES(300, 3, 63, NULL, NULL, 'movies', 'any movies out??', TO_TIMESTAMP('2015-02-02 11:10:03', 'YYYY-MM-DD HH24:MI:SS'));

-- Insert Group Members
INSERT INTO GroupMembers VALUES(1, 9);
INSERT INTO GroupMembers VALUES(55, 8);
INSERT INTO GroupMembers VALUES(32, 1);
INSERT INTO GroupMembers VALUES(12, 5);
INSERT INTO GroupMembers VALUES(3, 10);
INSERT INTO GroupMembers VALUES(53, 9);
INSERT INTO GroupMembers VALUES(11, 2);
INSERT INTO GroupMembers VALUES(1, 3);
INSERT INTO GroupMembers VALUES(98, 4);
INSERT INTO GroupMembers VALUES(49, 6);
INSERT INTO GroupMembers VALUES(33, 5);
INSERT INTO GroupMembers VALUES(88, 4);
INSERT INTO GroupMembers VALUES(23, 7);
INSERT INTO GroupMembers VALUES(40, 7);
INSERT INTO GroupMembers VALUES(41, 7);
INSERT INTO GroupMembers VALUES(42, 7);

commit;